target,prediction,is_homophone,cosine_similarity
WOULD YOU WANT NEW NEIGHBOURS EVERY WEEK OR EVERY FORTNIGHT,WOULD YOU WANT NEW NEIGHBOURS EVERY WEEK OR EVERY FOUR NIGHTS,True,0.9375
LEARNING THE ROPES,LEARNING THE ROLES,False,0.4098
A LITTLE SAXIFRAGE,A LITTLE SAXON FRAGMENT,False,0.4885
SQUIRREL POX VIRUS,SQUAMOUS POX VIRUS,False,0.7499
YOU MUST HAVE A PERSONAL KEY,YOU MUST HAVE A PERSONAL LINK,True,0.538
SHE WAS A FLAWED SHIP,SHE WAS A FLUID SHIP,False,0.7728
DESPERATE TO PROVE YOUR BIZARRE THEORY,DESPERATE TO PROVE YOUR BIZARRE,True,0.7142
PROTECTED FROM THE PREVAILING WINDS,PROTECTED FROM THE PERSISTING WINDS,False,0.8952
THE WHOLE GARDENS ARE EXTRAORDINARY AND,THE WHOLE GARDENS ARE EXTRAORDINARILY AND,True,0.8924
BUT THE WALDORF ASTORIA,BUT THE WALLDORF STORY IS,True,0.2772
WHICH IS ONLY 10 MINUTES AWAY,WHICH IS ONLY TEN MINUTES AWAY,True,0.9753
THIS IS VERY SIMILAR,THIS IS VERY SIMILER,True,0.6683
AND TURNING UPSTAIRS INTO AN OPEN PLAN AREA IS DEFINITELY THE WAY TO GO,AND TURNING UP STAIRS INTO AN OPEN PLAN AREA IS DEFINITELY THE WAY TO GO,True,0.9158
THIS AUCTION LOT HAS IT IN SPADES,THIS AUCTION LOT HAS ITS INSPACES,True,0.5373
IT'S COSMETICALLY IMPROVED QUITE DRASTICALLY HERE,IT'S CAUSE METICULOUSLY IMPROVED QUITE DRASTICALLY HERE,True,0.7019
THE APPLIANCES HAVE BEEN DONE NICELY,THE APPLICANTS HAVE BEEN DONE NICELY,True,0.4074
GARAGE AND TECHNO FUNK,GARAGE AND TECH NO FUNK,False,0.8707
WHY ARE MANY SUPERMARKETS STOPPING SELLING CAGED EGGS,WHY ARE MANY SUPERMARKETS STOPPING SELLING CAKE DEGAS,True,0.5023
FORMALLY ACKNOWLEDGED HIS TITLE AS THE PRINCE OF WALES,FORMALLY ANNULLED HIS TITLE AS THE PRINCE OF WALES,True,0.8289
THE GARRISON RESPONDED WITH A HAIL OF ARROWS,THE GARISON RESPONDED WITH A HAIL OF ARROWS,True,0.6643
THE GARRISON TRIED TO SURRENDER BEFORE HE COULD TRY OUT HIS NEW TOY,THE GARISON TRIED TO SURRENDER BEFORE HE COULD TRY OUT HIS NEW TOY,True,0.6054
TEARING IT TO THE GROUND,TERRING IT TO THE GROUND,True,0.6977
THERE WAS A PORTCULLIS,THERE WAS A PERKETELLIS,True,0.2839
EVEN THE FOREPLAY,EVEN THE FOUR PLAY,False,0.5374
TO ALLOW BAD SURVEILLANCE TO WITHER ON THE VINE,TO ALLOW BAD SURVEILLANCE TO WITHSTAND ON THE VYNE,True,0.5733
IN THE FORM OF A DESSERT PLATE,IN THE FORM OF A DESERT PLATE,True,0.8059
THAT MAKES A GRAND TOTAL OF SIX,THAT MAKES A GRAND TOTAL OF 6,False,0.989
THINK ABOUT THE MELTING SEA ICE,THINK ABOUT THE MELTING ICE,True,0.9429
THERE IS A HUGE CROSSOVER BETWEEN THE TWO,THERE IS A HUGE CROSS OVER BETWEEN THE TWO,True,0.5822
ISLAM ALLOWS POLYGAMY,EL SALVADOR LOWS POLICY,False,0.016
HERSELF CURRENTLY LEARNING TO SIGN,HERSELF CONTINUALLY LEARNING TO SIGN,True,0.9454
WHERE I'M GOING,WHERE AM I GOING,True,0.9062
BUT TEN YEARS AGO,BUT 10 YEARS AGO,True,0.9804
WE HEARD THE STORY OF THE NURSE ANNA CROSS,WE HEARD THE STORY OF THE NURSE ANNE CROSS,True,0.9234
THEY DON'T CALL THEM TEAM POCKET ROCKET FOR NOTHING,THEY DON'T CALL THEM TEAM POCKET ROCKETS FOR NOTHING,True,0.905
COURAGE UNDER FIRE,COURAGE AND FIRE,False,0.8749
THIS IS THE LORD ASHCROFT GALLERY,THIS IS THE LORD ASHKROFT GALLERY,False,0.7862
TEN DAYS BEFOREHAND,TEN DAYS BEFORE HAND,False,0.8885
TODAY THEY TALKED ABOUT THE PROCESS OF TRANSITION,TODAY THEY TALKED ABOUT THE PROCESS OF TRANSLATION,False,0.4935
SO TEN CUBIC METRES,SO TAKE A METRE RULER,True,0.6062
SO WHAT IS THE ETIQUETTE,SO WHAT IS THE SECRET,True,0.1745
MR KHAN SPEAKING,MR CON SPEAKING,True,0.4128
A TRIBAL NATION,A TRIBLE NATION,False,0.545
WHICH UPSET SOME OF OUR FEMALE RESIDENTS,WHICH UPSETS SOME OF OUR FEMALE RESIDENTS,True,0.9752
PUERTO RICAN STYLE,PERHAPS A RECON STYLE,False,0.3172
GREAT LEONARD COHEN,GREAT LEARNED COUSIN,False,0.2945
GRAHAM BARON ASH,GRAHAM BARRON AS,True,0.5001
THIS IS WHERE THE SURPRISES HAPPEN,THIS IS WHERE THE SURPRISE IS HAPPENING,True,0.8671
THEY DECIDED TO TIE THE KNOT,THEY DECIDED TO TRY THE NOT,True,0.3265
WELCOME TO THE TOWER,WELCOME TO THE TOUR,True,0.4741
NON VIOLENT OFFENCES,NON VIOLENT OFFENSIVES,False,0.7578
THE MOST FAMOUS OF THEM ALL HAVE TO BE THE WORKS OF THE BRONTE SISTERS,THE MOST FAMOUS OF THEM ALL HAVE TO BE THE WORKS OF THE BRONTES,True,0.7819
I LOVE SYLLABLES,I LOVE SILHOUETTES,True,0.2864
WE MIGHT FIND SOME MARITIME MEMORABILIA,WE MIGHT FIND SOME MARRIAGE MEMORABILIA,True,0.6049
AND IN THE PROCESS OF ME NOT OFFENDING GOD,AND IN THE PROCESS OF ME NOT AFFENDING GOD,True,0.7627
BECAUSE THE WHOLE POINT OF 9 11 IS THAT IT'S THE JUSTIFICATION FOR THE POLICE STATE,BECAUSE THE WHOLE POINT OF 911 IS THAT IT'S THE JUSTIFICATION FOR THE POLICE STATE,True,0.9444
CHILD OF THE MILLENNIUM,CHILD OF THE MALAYA,False,0.5718
HERE TO GIVE US A RUNDOWN OF THE GREATEST FACIAL CHOREOGRAPHY EVER SEEN ON THE BOX,HERE TO GIVE US A RUN DOWN OF THE GREATEST FASHIONABLE CHOREOGRAPHY EVER SEEN ON THE BOX,True,0.8063
FACE TO REALLY TELL THE STORY,FACED TO REALLY TELL THE STORY,True,0.8886
THE DUKE OF GLOUCESTER,THE DUKE OF GLOSTER,False,0.6804
WE HAVE THE DELECTABLE NEIL JONES,WE HAVE THE DIRECTABLE NEIL JONES,True,0.8515
I WANT TO TALK ABOUT DADDY TOO,I WANT TO TALK ABOUT DADDY 2,True,0.7812
RESCUING A DAMSEL IN DISTRESS,REQUESTING A DAMSEL IN DISTRESS,True,0.8611
THROUGH ANTIBODY DIRECTED THERAPY,THROUGH AN ANTIBODY DIRECTED THERAPY,True,0.9905
I'M YOUR SIMON COWELL,I'M YOUR SIMON KELL,False,0.7931
I HASTEN TO ADD,I HAD TO ADD,True,0.5924
AND THE CHAMPAGNE,AND THE CHAMPION,False,0.6098
SO TO DO BALLROOM,SO TO DO A BALLROOM,True,0.9671
PLEASE WELCOME JENNY ECLAIR,PLEASE WELCOME GENIE CLARKE,False,0.3588
AND IT'S EVEN RARER TO FIND ONE THAT HASN'T BEEN DUG INTO BY ANTIQUARIANS,AND IT'S EVEN RARER TO FIND ONE THAT HASN'T BEEN DUG INTO BY ANTIQUERS,True,0.6726
A PURIFICATION CEREMONY,A PURE AFFECTION CEREMONY,False,0.5247
NICOLA IS DEFINITELY THE LOVE OF MY LIFE,NICHOLAS IS DEFINITELY THE LOVE OF MY LIFE,False,0.6981
THE ROCHELLE TO MY MARVIN,THE ROCKET TO MY MARVIN,True,0.716
WITH BILLY NOT BEING YOURS,WITH REALLY NOT BEING YOURS,True,0.5364
IT'S ALL ABOUT THE STRICTLY PRO CHALLENGE,IT'S ALL ABOUT THE STRICTLY PROCHALLENGE,False,0.6802
SAUSAGES IN BACON,SAUSAGE IS IN BACON,True,0.9515
YOU UNFOLD THE BOARD,YOU UNFOLDED THE BOARD,True,0.7695
MAYBE NOT URANIUM,MAYBE NOT YOUR ANTIQUES,True,0.3236
BUT IT WAS SO DISCONCERTINGLY CALM IN THE STUDIO,BUT IT WAS SO DISCONCERTEDLY COME IN THE STUDIO,True,0.7747
BECAUSE THEY'VE GOT TO,BECAUSE THEY'VE GOT TWO,True,0.7105
THE SHEER SIZE AND POWER CAN BE INTIMIDATING,THE SIZE AND POWER CAN BE INTIMIDATING,True,0.9537
REPRESENTED BY THIS BUNCH OF BANANAS,REPRESENTED BY THIS BUNCH OF BUNNIES,True,0.3964
NEUTRONS AND ELECTRONS,NEWTONS AND ELECTRONS,False,0.5566
IN THIS UNIVERSE,IN THIS UNIVERSITY,True,0.4047
STRETCHING BACK 3,STRETCHING BACK THREE,False,0.9722
PONDERING THE IMMENSITY,PONDERING THE IMMINENCE,False,0.6421
IT'S ALL ABOUT RARITY,IT'S ALL ABOUT REPUTATION,False,0.5324
BUT SLIGHTLY REBELLIOUS SOCKS,BUT SLIGHTLY REBELLIOUS SAX,True,0.5166
DON'T FORGET THAT SCARECROW,DON'T FORGET THAT SCARCROW,False,0.8808
PEOPLE GETTING IN TOUCH AND WANTING TO RECTIFY WRONGS,PEOPLE GETTING IN TOUCH AND WANTING TO CONTACT US,True,0.689
LET'S JUST CALM DOWN,LET'S JUST COME DOWN,False,0.5395
THE DAY JUST GOT WEIRDER AND WEIRDER,THE DAUGHTER JUST GOT WEIRDER AND WEIRRDER,True,0.5071
IT'S ALSO COME UP WITH A STRUCTURE THAT ACTS AS AN ADVERTISEMENT WHICH SAYS,IT'S ALSO COME UP WITH A STRUCTURE THAT ACTS AS AN ADVERTISMENT WHICH SAYS,True,0.9028
THIS IS THE BEST BAT HOTEL IN TOWN,THIS IS THE BEST BATH HOTEL IN TOWN,True,0.6203
AND ON THIS FATEFUL EVENING,AND ON THIS FATAL EVENING,False,0.8034
AND WITH STEALTH,AND WITH STRENGTH,False,0.6347
HOW DO I CHOOSE THIS,HOW DO I KNOW THIS,True,0.4021
THE QUEEN MARY AND THE QUEEN ELIZABETH,THE QUEEN MARY AND THE Queen ISABELLA,True,0.8673
ONE OF THE ARTICLES HERE IS ABOUT THE QUEEN ELIZABETH,ONE OF THE ARTICLES HERE IS ABOUT THE QUEEN ISABELLA,True,0.753
AND MORE MONEY FOR FIFA,AND MORE MONEY FOR ME,True,0.6222
SERBIA IS PANDEMONIUM LET LOOSE,SERBIA IS PANDEMONIUM LET ME TELL YOU,False,0.917
THERE ARE NO RECORDINGS OF LLOYD GEORGE AT THE PEAK OF HIS POWERS,THERE ARE NO RECORDINGS OF LOYD GEORGE AT THE PEAK OF HIS POWERS,True,0.7935
BY SOME MIRACLE,BUY SOME MIRACLE,True,0.6179
WITH THEIR DATABASE,WITH THEIR DATA BASE,True,0.8679
I'M JUST SAYING THAT DENISE BROUGHT ME UP,I'M JUST SAYING THAT DENNIS BROUGHT ME UP,False,0.5325
IS IN THE DRYING,IS IN THE DRIVING,True,0.3003
AND THE INITIALS STAND FOR THE INTERNATIONAL MARXIST GROUP,AND THE INITIALS STAND FOR THE INTERNATIONAL MARKS AND SERVICES GROUP,True,0.6654
