target,prediction,subcategory
WHERE I'M GOING,WHERE AM I GOING,article/auxiliary
THEY DON'T CALL THEM TEAM POCKET ROCKET FOR NOTHING,THEY DON'T CALL THEM TEAM POCKET ROCKETS FOR NOTHING,agreement
WHICH UPSET SOME OF OUR FEMALE RESIDENTS,WHICH UPSETS SOME OF OUR FEMALE RESIDENTS,tense
THIS IS WHERE THE SURPRISES HAPPEN,THIS IS WHERE THE SURPRISE IS HAPPENING,tense
THE MOST FAMOUS OF THEM ALL HAVE TO BE THE WORKS OF THE BRONTE SISTERS,THE MOST FAMOUS OF THEM ALL HAVE TO BE THE WORKS OF THE BRONTES,agreement
FACE TO REALLY TELL THE STORY,FACED TO REALLY TELL THE STORY,tense
THROUGH ANTIBODY DIRECTED THERAPY,THROUGH AN ANTIBODY DIRECTED THERAPY,article/auxiliary
SO TO DO BALLROOM,SO TO DO A BALLROOM,article/auxiliary
YOU UNFOLD THE BOARD,YOU UNFOLDED THE BOARD,tense
