row,target,prediction,exact_match,is_homophone,n_subs,n_resolved_by_grammar,homophone_subs,near_homophone_subs,other_subs,grammar_explanations
1,AND FOR ME THE SURPRISE WAS,AND FOR ME THE SURPRISE WAS,True,True,0,0,0,0,0,
2,THEY'RE MOVING AROUND,THEY'RE MOVING AROUND,True,False,0,0,0,0,0,
3,AND WE WERE RIGHT,AND WE WERE RIGHT,True,True,0,0,0,0,0,
4,WHEN THERE ISN'T MUCH ELSE IN THE GARDEN,WHEN THERE ISN'T MUCH ELSE IN THE GARDEN,True,True,0,0,0,0,0,
5,SORT OF SECOND HALF OF OCTOBER,SORT OF SECOND HALF OF OCTOBER,True,False,0,0,0,0,0,
6,WELL INTO NOVEMBER,WELL INTO NOVEMBER,True,False,0,0,0,0,0,
7,WE CAN JUST ABOUT GET AWAY WITH IT NOW,WE CAN JUST ABOUT GET AWAY WITH IT NOW,True,True,0,0,0,0,0,
8,SOMETHING LIKE A GARDEN COMPOST,SOMETHING LIKE A GARDEN COMPOST,True,False,0,0,0,0,0,
9,IT'S NOT ALL ABOUT SIZE,IT'S NOT ALL ABOUT SIZE,True,True,0,0,0,0,0,
10,AND IF YOU WANT WONDERFUL,AND IF YOU WANT WONDERFUL,True,True,0,0,0,0,0,
11,STARTING WITH THE COMPOST,STARTING WITH THE COMPOST,True,False,0,0,0,0,0,
12,FOR A BRIEF TIME,FOR A BRIEF TIME,True,True,0,0,0,0,0,
13,IT WILL CHANGE LIVES,IT WILL CHANGE LIVES,True,False,0,0,0,0,0,
14,WHEN MY HUSBAND AND I ARE NOT AROUND,WHEN MY HUSBAND AND I ARE NOT AROUND,True,True,0,0,0,0,0,
15,PLEASE DONATE NOW,PLEASE DONATE NOW,True,False,0,0,0,0,0,
16,INSTEAD OF BEING SOMEONE'S ARM CANDY,INSTEAD OF BEING SOMEONE'S ARM CANDY,True,False,0,0,0,0,0,
17,I EXPECTED YOU TO HAVE A PAST,I EXPECTED YOU TO HAVE A PAST,True,True,0,0,0,0,0,
18,SEE HOW MUCH IT COMES TO,SEE HOW MUCH IT COMES TO,True,True,0,0,0,0,0,
19,I PAY THE MONEY,I PAY THE MONEY,True,True,0,0,0,0,0,
20,OVER THE COURSE OF HIS LIFE,OVER THE COURSE OF HIS LIFE,True,True,0,0,0,0,0,
21,WHEN IT'S FINISHED,WHEN IT'S FINISHED,True,True,0,0,0,0,0,
22,BUT BEFORE I DO,BUT BEFORE I DO,True,True,0,0,0,0,0,
23,THIS HOUSE WILL JUST COME TOGETHER AND FLOURISH,THIS HOUSE WILL JUST COME TOGETHER AND FLOURISH,True,False,0,0,0,0,0,
24,ANY MAN WOULD BE PROUD TO HAVE YOU AS A SON,ANY MAN WOULD BE PROUD TO HAVE YOU AS A SON,True,True,0,0,0,0,0,
25,GET THEM INTO THE GARDEN,GET THEM INTO THE GARDEN,True,False,0,0,0,0,0,
26,THIS ONE IS TOTALLY OUT OF CONTROL,THIS ONE IS TOTALLY OUT OF CONTROL,True,True,0,0,0,0,0,
27,BUT IT COMES AND GOES,BUT IT COMES AND GOES,True,True,0,0,0,0,0,
28,I THINK IT'S BRILLIANT,I THINK IT'S BRILLIANT,True,True,0,0,0,0,0,
29,A ONE BEDROOM FIRST FLOOR FLAT,A ONE BEDROOM FIRST FLOOR FLAT,True,True,0,0,0,0,0,
30,IF IT WAS GOING TO BE INCREASED,IF IT WAS GOING TO BE INCREASED,True,True,0,0,0,0,0,
31,BUT IT'S A DECENT SIZE,BUT IT'S A DECENT SIZE,True,True,0,0,0,0,0,
32,I'M NOT MASSIVELY HAPPY,I'M NOT MASSIVELY HAPPY,True,True,0,0,0,0,0,
33,IF YOU ARE LOOKING ROUND AUCTION PROPERTIES BEFORE THE AUCTION,IF YOU ARE LOOKING ROUND AUCTION PROPERTIES BEFORE THE AUCTION,True,True,0,0,0,0,0,
34,IT'S A VERY ATTRACTIVE GUIDE PRICE FOR A SUBSTANTIAL HOUSE SO WELL,IT'S A VERY ATTRACTIVE GUIDE PRICE FOR A SUBSTANTIAL HOUSE SO WELL,True,True,0,0,0,0,0,
35,DID THEY GET IT DONE ON TIME AND FOR THE RIGHT MONEY,DID THEY GET IT DONE ON TIME AND FOR THE RIGHT MONEY,True,True,0,0,0,0,0,
36,BUT WHAT A SURPRISE WHEN YOU COME IN,BUT WHAT A SURPRISE WHEN YOU COME IN,True,True,0,0,0,0,0,
37,BECAUSE IT'S FANTASTIC,BECAUSE IT'S FANTASTIC,True,False,0,0,0,0,0,
38,WHAT DO YOU THINK ABOUT THAT,WHAT DO YOU THINK ABOUT THAT,True,True,0,0,0,0,0,
39,HE'S LOOKING TO SELL IT,HE'S LOOKING TO SELL IT,True,True,0,0,0,0,0,
40,IT'S NOT AS EASY AS IT LOOKS,IT'S NOT AS EASY AS IT LOOKS,True,True,0,0,0,0,0,
41,STICK TO WHAT YOU'RE GOOD AT,STICK TO WHAT YOU'RE GOOD AT,True,True,0,0,0,0,0,
42,THAT IS IMPORTANT,THAT IS IMPORTANT,True,False,0,0,0,0,0,
43,BUT HE DID REALLY WELL,BUT HE DID REALLY WELL,True,True,0,0,0,0,0,
44,AND DO WHAT I USED TO DO WHEN I WAS A LITTLE BOY,AND DO WHAT I USED TO DO WHEN I WAS A LITTLE BOY,True,True,0,0,0,0,0,
45,EXCEPT AS A LAST RESORT,EXCEPT AS A LAST RESORT,True,True,0,0,0,0,0,
46,YOU NEVER KNOW BY THE END OF THE BUILD,YOU NEVER KNOW BY THE END OF THE BUILD,True,True,0,0,0,0,0,
47,I KNOW IT COMES WITH PLANNING PERMISSION,I KNOW IT COMES WITH PLANNING PERMISSION,True,True,0,0,0,0,0,
48,BUT WE'RE GOING TO IMPROVE ON THINGS LIKE THE GREEN ROOF,BUT WE'RE GOING TO IMPROVE ON THINGS LIKE THE GREEN ROOF,True,True,0,0,0,0,0,
49,WE'VE GOT A GREAT RELATIONSHIP,WE'VE GOT A GREAT RELATIONSHIP,True,False,0,0,0,0,0,
50,WHERE IS THE GAS,WHERE IS THE GAS,True,True,0,0,0,0,0,
51,SOME MEMBERS OF THE PUBLIC DON'T QUITE UNDERSTAND LEASEHOLD,SOME MEMBERS OF THE PUBLIC DON'T QUITE UNDERSTANDLY SELL,False,True,2,0,0,0,2,
52,IF YOU LIVED IN THE BUILDING,IF YOU LIVED IN THE BUILDING,True,True,0,0,0,0,0,
53,WOULD YOU WANT NEW NEIGHBOURS EVERY WEEK OR EVERY FORTNIGHT,WOULD YOU WANT NEW NEIGHBOURS EVERY WEEK OR EVERY NIGHT,False,True,1,0,0,0,1,
54,BUT I THINK HE'S ALREADY LEARNED SOME REALLY IMPORTANT PROPERTY LESSONS,BUT I THINK HE'S ALREADY LEARNED SOME REALLY IMPORTANT PROPERTY LESSONS,True,True,0,0,0,0,0,
55,CHOOSING A GOOD LOCATION,CHOOSING A GOOD LOCATION,True,False,0,0,0,0,0,
56,YOU HAVE TO HOLD YOUR NERVE,YOU HAVE TO HOLD YOUR NERVE,True,True,0,0,0,0,0,
57,WHO'S VERY MUCH INTO FAMILY HISTORY,WHO'S VERY MUCH INTO FAMILY HISTORY,True,True,0,0,0,0,0,
58,WE DON'T WANT TO SPEND MORE THAN,WE DON'T WANT TO SPEND MORE THAN,True,True,0,0,0,0,0,
59,IT CERTAINLY WON'T BE,IT CERTAINLY WON'T BE,True,True,0,0,0,0,0,
60,I THINK SOMETHING DRASTIC NEEDS TO BE DONE,I THINK SOMETHING DRASTIC NEEDS TO BE DONE,True,True,0,0,0,0,0,
61,WHAT DO YOU KNOW ABOUT IT,WHAT DO YOU KNOW ABOUT IT,True,True,0,0,0,0,0,
62,I'M RIGHT IN SAYING THAT,I'M RIGHT IN SAYING THAT,True,True,0,0,0,0,0,
63,SO LET'S GO BACK AND FIND OUT,SO LET'S GO BACK AND FIND OUT,True,True,0,0,0,0,0,
64,I'M VERY IMPRESSED,I'M VERY IMPRESSED,True,True,0,0,0,0,0,
65,THE BEST BARGAINS,THE BEST BARGAINS,True,False,0,0,0,0,0,
66,NOT QUITE AS HIGH,NOT QUITE AS HIGH,True,True,0,0,0,0,0,
67,IT'S A PLUS POINT,IT'S A PLUS POINT,True,False,0,0,0,0,0,
68,THE FIRST AND SECOND FLOOR FLATS,THE FIRST AND SECOND FLOOR FLATS,True,False,0,0,0,0,0,
69,AS A RESULT OF SMOKING,AS A RESULT OF SMOKING,True,False,0,0,0,0,0,
70,WE'LL GIVE IT A TRY,WE'LL GIVE IT A TRY,True,False,0,0,0,0,0,
71,GO TO THE PRESS,GO TO THE PRESS,True,True,0,0,0,0,0,
72,LEARNING THE ROPES,LEARNING THE ROPE S,False,False,1,0,0,0,1,
73,EIGHT FEET TALL,EIGHT FEET TALL,True,True,0,0,0,0,0,
74,AND THE REASON FOR THAT,AND THE REASON FOR THAT,True,True,0,0,0,0,0,
75,A LITTLE SAXIFRAGE,A LITTLE SAXOPHONE FRAGMENT,False,False,1,0,0,0,1,
76,IT MAY BE A MINIATURE COMPARED TO THAT,IT MAY BE A MINIATURE COMPARED TO THAT,True,True,0,0,0,0,0,
77,I CAN PLANT THEM IN THAT SPOT,I CAN PLANT THEM IN THAT SPOT,True,True,0,0,0,0,0,
78,SOMETIMES IT DOESN'T,SOMETIMES IT DOESN'T,True,False,0,0,0,0,0,
79,I THINK IT LOOKS GREAT,I THINK IT LOOKS GREAT,True,True,0,0,0,0,0,
80,THAT'S QUITE A LARGE LEAF,THAT'S QUITE A LARGE LEAF,True,False,0,0,0,0,0,
81,AND IT'S A GREAT WAY TO EAT IT,AND IT'S A GREAT WAY TO EAT IT,True,True,0,0,0,0,0,
82,THAT FIRST MEETING,THAT FIRST MEETING,True,False,0,0,0,0,0,
83,BUT NOW WE HAVE THESE VIRUSES,BUT NOW WE HAVE THESE VIRUSES,True,True,0,0,0,0,0,
84,SQUIRREL POX VIRUS,SQUWAREL POX VIRUS,False,False,1,0,0,0,1,
85,CAUSES IT NO HARM,CAUSES IT NO HARM,True,True,0,0,0,0,0,
86,BUT NOT FOR ME AS A FARMER,BUT NOT FOR ME AS A FARMER,True,True,0,0,0,0,0,
87,IT'S THAT SIMPLE,IT'S THAT SIMPLE,True,False,0,0,0,0,0,
88,THIS REALLY IS A TALE OF TWO CITIES,THIS REALLY IS A TALE OF TWO CITIES,True,True,0,0,0,0,0,
89,IT'S A LONG WAY FROM HOME,IT'S A LONG WAY FROM HOME,True,True,0,0,0,0,0,
90,AS YOU ENTER THE REAR PART OF THE SHOP,AS YOU ENTER THE REAR PART OF THE SHOP,True,True,0,0,0,0,0,
91,LOTS OF THINGS TO THINK ABOUT,LOTS OF THINGS TO THINK ABOUT,True,True,0,0,0,0,0,
92,I'M STILL HAPPY,I'M STILL HAPPY,True,False,0,0,0,0,0,
93,YOU MUST HAVE A PERSONAL KEY,YOU MUST HAVE A PERSONAL KEY,True,True,0,0,0,0,0,
94,WE WILL OWN IT TOGETHER,WE WILL OWN IT TOGETHER,True,True,0,0,0,0,0,
95,IT WILL BE A GREAT INVESTMENT,IT WILL BE A GREAT INVESTMENT,True,True,0,0,0,0,0,
96,OR PROPERTIES SHOULD I SAY,OR PROPERTIES SHOULD I SAY,True,True,0,0,0,0,0,
97,PRETTY ON THE OUTSIDE,PRETTY ON THE OUTSIDE,True,False,0,0,0,0,0,
98,BECAUSE IT WAS OFFICES,BECAUSE IT WAS OFFICES,True,False,0,0,0,0,0,
99,VERY CLOSE BY THE UNIVERSITY,VERY CLOSE BY THE UNIVERSITY,True,True,0,0,0,0,0,
100,GROUND FLOOR FLAT,GROUND FLOOR FLAT,True,False,0,0,0,0,0,
101,I WOULD MARKET THAT,I WOULD MARKET THAT,True,True,0,0,0,0,0,
102,ADD ANOTHER TEN ON,ADD ANOTHER TEN ON,True,True,0,0,0,0,0,
103,ONE BEDROOM APARTMENTS AROUND HERE AT THE MOMENT,ONE BEDROOM APARTMENTS AROUND HERE AT THE MOMENT,True,True,0,0,0,0,0,
104,PROBABLY AROUND 85,PROBABLY AROUND 85,True,False,0,0,0,0,0,
105,AND SINCE THE CONVERSION,AND SINCE THE CONVERSION,True,False,0,0,0,0,0,
106,REALISTIC VALUE WISE,REALISTIC VALUE WISE,True,True,0,0,0,0,0,
107,SHE WAS A FLAWED SHIP,SHE WAS A FLAWED SHIPPING,False,False,1,0,0,0,1,
108,EVEN BEFORE SHE ENTERED THE WATER,EVEN BEFORE SHE ENTERED THE WATER,True,False,0,0,0,0,0,
109,VISITING ALMOST ALL PARTS OF THE EMPIRE,VISITING ALMOST ALL PARTS OF THE EMPIRE,True,False,0,0,0,0,0,
110,FROM SMALL SHIPS,FROM SMALL SHIPS,True,False,0,0,0,0,0,
111,IS IT TRUE SHE WAS,IS IT TRUE SHE WAS,True,False,0,0,0,0,0,
112,SOMETIMES IT'S DIFFICULT TO KNOW WHERE,SOMETIMES IT'S DIFFICULT TO KNOW WHERE,True,True,0,0,0,0,0,
113,IF YOU INTEND TO BID ON A PLACE,IF YOU INTEND TO BID ON A PLACE,True,True,0,0,0,0,0,
114,IT'S HARD TO COME AWAY FROM IT,IT'S HARD TO COME AWAY FROM IT,True,True,0,0,0,0,0,
115,IT SEEMS A VERY GOOD LOCATION,IT SEEMS A VERY GOOD LOCATION,True,True,0,0,0,0,0,
116,BECAUSE OF THE DEMAND OF THE MARKET,BECAUSE OF THE DEMAND OF THE MARKET,True,False,0,0,0,0,0,
117,IT MIGHT BE VIABLE,IT MIGHT BE VIABLE,True,True,0,0,0,0,0,
118,THAT'S MY KIND OF LOCATION,THAT'S MY KIND OF LOCATION,True,False,0,0,0,0,0,
119,WHAT WAS IT THAT MADE YOU THINK,WHAT WAS IT THAT MADE YOU THINK,True,True,0,0,0,0,0,
120,HOW CAN I DO THAT,HOW CAN I DO THAT,True,True,0,0,0,0,0,
121,DESTROYING THE PROPERTY,DESTROYING THE PROPERTY,True,False,0,0,0,0,0,
122,PURELY BY CHANCE,PURELY BY CHANCE,True,True,0,0,0,0,0,
123,ARE THEY STRUGGLING OR ARE THEY FLUSHED WITH SUCCESS,ARE THEY STRUGGLING OR ARE THEY FLUSHED WITH SUCCESS,True,True,0,0,0,0,0,
124,HE'S MY BUILDER,HE'S MY BUILDER,True,False,0,0,0,0,0,
125,WE PLAYED IN A BAND TOGETHER,WE PLAYED IN A BAND TOGETHER,True,True,0,0,0,0,0,
126,AFTER JUST A COUPLE OF DAYS,AFTER JUST A COUPLE OF DAYS,True,False,0,0,0,0,0,
127,JUST LIKE ANY GOOD COMIC BOOK VILLAIN,JUST LIKE ANY GOOD COMIC BOOK VILLAIN,True,False,0,0,0,0,0,
128,AND THEN OF COURSE,AND THEN OF COURSE,True,True,0,0,0,0,0,
129,DESPERATE TO PROVE YOUR BIZARRE THEORY,DESPERATE TO PROVE YOUR BIZARRE,False,True,0,0,0,0,0,
130,BUT SINCE JACK'S FIRST DISCOVERY,BUT SINCE JACK'S FIRST DISCOVERY,True,True,0,0,0,0,0,
131,PROTECTED FROM THE PREVAILING WINDS,PROTECTED FROM THE PREVAILING WINDS,True,False,0,0,0,0,0,
132,SEARCHING FOR ANSWERS,SEARCHING FOR ANSWERS,True,True,0,0,0,0,0,
133,WE KNOW WHAT THEY ARE,WE KNOW WHAT THEY ARE,True,True,0,0,0,0,0,
134,THERE'S NO OBVIOUS REASON,THERE'S NO OBVIOUS REASON,True,True,0,0,0,0,0,
135,TAKING HORTICULTURE TO THE EXTREME,TAKING HORTICULTURE TO THE EXTREME,True,True,0,0,0,0,0,
136,THE WHOLE GARDENS ARE EXTRAORDINARY AND,THE WHOLE GARDENS ARE EXTRAORDINARY AND,True,True,0,0,0,0,0,
137,LIKE HUNDREDS OF THOUSANDS OF PEOPLE DO EVERY YEAR,LIKE HUNDREDS OF THOUSANDS OF PEOPLE DO EVERY YEAR,True,True,0,0,0,0,0,
138,BUT NOW THERE'S MORE PROTECTION,BUT NOW THERE'S MORE PROTECTION,True,True,0,0,0,0,0,
139,ABOUT 20 YEARS AGO,ABOUT 20 YEARS AGO,True,True,0,0,0,0,0,
140,ENJOY THE SUMMER,ENJOY THE SUMMER,True,False,0,0,0,0,0,
141,ARE THEY RELATIVES OF YOURS,ARE THEY RELATIVES OF YOURS,True,True,0,0,0,0,0,
142,NOT JUST A HOTEL,NOT JUST A HOTEL,True,True,0,0,0,0,0,
143,BUT THE WALDORF ASTORIA,BUT THE WALLDORF STORY A,False,True,2,0,0,0,2,
144,THEY WOULD BE ABLE TO GO BACK,THEY WOULD BE ABLE TO GO BACK,True,True,0,0,0,0,0,
145,NOT JUST A HOTEL,NOT JUST A HOTEL,True,True,0,0,0,0,0,
146,EVERY SEPTEMBER THIS PLACE WOULD BE TRANSFORMED INTO WHAT WAS,EVERY SEPTEMBER THIS PLACE WOULD BE TRANSFORMED INTO WHAT WAS,True,True,0,0,0,0,0,
147,FOR OVER 700 YEARS,FOR OVER 700 YEARS,True,True,0,0,0,0,0,
148,SO FROM HIS VANTAGE POINT,SO FROM HIS VANTAGE POINT,True,True,0,0,0,0,0,
149,THERE IS NO AIR SO THERE IS NO SOUND,THERE IS NO AIR SO THERE IS no SOUND,True,True,0,0,0,0,0,
150,WITH ONE OF THE ROOMS UPSTAIRS,WITH ONE OF THE ROOMS UPSTAIRS,True,True,0,0,0,0,0,
151,WHICH IS ONLY 10 MINUTES AWAY,WHICH IS ONLY TEN MINUTES AWAY,False,True,1,0,0,0,1,
152,THIS IS A SWEET,THIS IS A SWEET,True,False,0,0,0,0,0,
153,BEFORE WE ALL GET TOO EXCITED ABOUT THAT PROSPECT,BEFORE WE ALL GET TOO EXCITED ABOUT THAT PROJECT,False,True,1,0,0,0,1,
154,IT CAN BE QUITE EXPENSIVE,IT CAN BE QUITE EXPENSIVE,True,True,0,0,0,0,0,
155,IT'S A MULTICULTURAL,IT'S A MULTICULTURAL,True,False,0,0,0,0,0,
156,BUYING A NEW BUILD PROPERTY SHOULD MEAN YOU DON'T HAVE ANY WORK TO DO,BUYING A NEW BUILD PROPERTY SHOULD MEAN YOU DON'T HAVE ANY WORK TO DO,True,True,0,0,0,0,0,
157,SOME ISSUES WITH POTENTIAL DAMP,SOME ISSUES WITH POTENTIAL DAMP,True,True,0,0,0,0,0,
158,A GREAT PLACE FOR HIM TO BE,A GREAT PLACE FOR HIM TO BE,True,True,0,0,0,0,0,
159,WE HAVE TO PAY FOR THAT,WE HAVE TO PAY FOR THAT,True,True,0,0,0,0,0,
160,SO RATHER THAN JUST RELYING ON THIS INFORMATION,SO RATHER THAN JUST RELYING ON THIS INFORMATION,True,True,0,0,0,0,0,
161,ALL OF THE BRAIN IS COMBINING ALL THE DIFFERENT SENSES,ALL OF THE BRAIN IS COMBINING ALL THE DIFFERENT SENSES,True,False,0,0,0,0,0,
162,WHO DOESN'T HAVE VISION,WHO DOESN'T HAVE VISION,True,True,0,0,0,0,0,
163,SO YOU HAVE YOUR BATHROOM IN THIS AREA AND THEN,SO YOU HAVE YOUR BATHROOM IN THIS AREA AND THEN,True,True,0,0,0,0,0,
164,WHEN I SEE THAT,WHEN I SEE THAT,True,True,0,0,0,0,0,
165,AND I WOULDN'T BE SURPRISED,AND I WOULDN'T BE SURPRISED,True,True,0,0,0,0,0,
166,THIS IS VERY SIMILAR,THIS IS VERY SIMILAR,True,True,0,0,0,0,0,
167,OR HAVE THEY ENCOUNTERED PROBLEMS,OR HAVE THEY ENCOUNTERED PROBLEMS,True,True,0,0,0,0,0,
168,AND TURNING UPSTAIRS INTO AN OPEN PLAN AREA IS DEFINITELY THE WAY TO GO,AND TURNING UPSTAIRS INTO AN OPEN PLAN AREA IS DEFINITELY THE WAY TO GO,True,True,0,0,0,0,0,
169,TRAVEL THREE MILES FURTHER WEST AND YOU DO GET MORE FOR YOUR MONEY,TRAVEL THREE MILES FURTHER WEST AND YOU DO GET MORE FOR YOUR MONEY,True,True,0,0,0,0,0,
170,IF THAT WAS FITTED OUT,IF THAT WAS FITTED OUT,True,False,0,0,0,0,0,
171,WILL IT BE A FUN,WILL IT BE A FUN,True,True,0,0,0,0,0,
172,FABULOUS PROJECT FOR THEM,FABULOUS PROJECT FOR THEM,True,True,0,0,0,0,0,
173,WILL IT BE ABOVE PAR,WILL IT BE ABOVE PAR,True,True,0,0,0,0,0,
174,THAT'S AN OPTION,THAT'S AN OPTION,True,True,0,0,0,0,0,
175,THAT'S VERY BAD NEWS,THAT'S VERY BAD NEWS,True,True,0,0,0,0,0,
176,AND THAT'S REALLY WELL DONE,AND THAT'S REALLY WELL DONE,True,True,0,0,0,0,0,
177,IT TAKES HARD WORK,IT TAKES HARD WORK,True,False,0,0,0,0,0,
178,AND THINGS LIKE THAT WE'LL DO OURSELVES,AND THINGS LIKE THAT WE'LL DO OURSELVES,True,True,0,0,0,0,0,
179,THIS AUCTION LOT HAS IT IN SPADES,THIS AUCTION LOT HAS IT IN SPADES,True,True,0,0,0,0,0,
180,IF YOU CAN'T GO UP,IF YOU CAN'T GO UP,True,True,0,0,0,0,0,
181,IT'S COSMETICALLY IMPROVED QUITE DRASTICALLY HERE,IT'S COSMETICALLY IMPROVED QUITE DRASTICALLY HERE,True,True,0,0,0,0,0,
182,ON THE SECOND FLOOR,ON THE SECOND FLOOR,True,False,0,0,0,0,0,
183,IT'S VERY CLEAN,IT'S VERY CLEAN,True,True,0,0,0,0,0,
184,THE APPLIANCES HAVE BEEN DONE NICELY,THE APPLIANCES HAVE BEEN DONE NICELY,True,True,0,0,0,0,0,
185,IT COULD BE YOUR PASSPORT TO A SMALL FORTUNE,IT COULD BE YOUR PASSPORT TO A SMALL FORTUNE,True,True,0,0,0,0,0,
186,IN OTHER WORDS MADE THE BASE,IN OTHER WORDS MADE THE BASE,True,True,0,0,0,0,0,
187,GARAGE AND TECHNO FUNK,GARAGE AND TECHNO FUNK,True,False,0,0,0,0,0,
188,END OF NOVEMBER,END OF NOVEMBER,True,False,0,0,0,0,0,
189,LOOK AT ME AT ALL,LOOK AT ME AT ALL,True,False,0,0,0,0,0,
190,BECAUSE I MUST SAY,BECAUSE I MUST SAY,True,True,0,0,0,0,0,
191,THE FOLLOWING SPRING,THE FOLLOWING SPRING,True,False,0,0,0,0,0,
192,AND THAT'S ALL ABOUT,AND THAT'S ALL ABOUT,True,False,0,0,0,0,0,
193,I TEND TO USE NATURAL BRITISH STONE,I TEND TO USE NATURAL BRITISH STONE,True,True,0,0,0,0,0,
194,IF YOU TRAVEL THE WORLD,IF YOU TRAVEL THE WORLD,True,True,0,0,0,0,0,
195,HERE IN THIS GREENHOUSE AND THE OTHER ONE,HERE IN THIS GREENHOUSE AND THE OTHER ONE,True,True,0,0,0,0,0,
196,AS LONG AS YOU'RE CALM,AS LONG AS YOU'RE COME,False,False,1,0,0,0,1,
197,IS IT ALL GOOD NEWS,IS IT ALL GOOD NEWS,True,False,0,0,0,0,0,
198,WHY ARE MANY SUPERMARKETS STOPPING SELLING CAGED EGGS,WHY ARE MANY SUPERMARKETS STOPPING SELLING CAGED EGGS,True,True,0,0,0,0,0,
199,FREE RANGE GOOD,FREE RANGE GOOD,True,False,0,0,0,0,0,
200,TO MAKE IT WORK,TO MAKE IT WORK,True,True,0,0,0,0,0,
201,VERY FEW REMAIN,VERY FEW REMAIN,True,True,0,0,0,0,0,
202,TAKING IT ALL IN,TAKING IT ALL IN,True,True,0,0,0,0,0,
203,ONE NORTHERN WELSH RULER,ONE NORTHERN WELSH RULER,True,True,0,0,0,0,0,
204,FORMALLY ACKNOWLEDGED HIS TITLE AS THE PRINCE OF WALES,FORMALLY ANNOLLED HIS TITLE AS THE PRINCE OF WALES,False,True,1,0,0,0,1,
205,AND HERE ON TOP OF THE EAGLE TOWER,AND HERE ON TOP OF THE EAGLE TOWER,True,True,0,0,0,0,0,
206,WHICH IS NOW IN SYRIA,WHICH IS NOW IN SURREY,False,True,1,0,0,0,1,
207,IT WAS A BLANK CANVAS,IT WAS A BLANK CANVAS,True,True,0,0,0,0,0,
208,IN THE FIRST YEAR ALONE,IN THE FIRST YEAR ALONE,True,True,0,0,0,0,0,
209,AS SHE LAY DYING,AS SHE LAY DYING,True,False,0,0,0,0,0,
210,THE GARRISON RESPONDED WITH A HAIL OF ARROWS,THE GARRISON RESPONDED WITH A HAIL OF ARROWS,True,True,0,0,0,0,0,
211,AND WHEN YOU'RE MOVING THROUGH ENEMY TERRITORY,AND WHEN YOU'RE MOVING THROUGH ENEMY TERRITORY,True,True,0,0,0,0,0,
212,THE GARRISON TRIED TO SURRENDER BEFORE HE COULD TRY OUT HIS NEW TOY,THE GARISON TRIED TO SURRENDER BEFORE HE COULD TRY OUT HIS NEW TOY,False,True,1,0,0,0,1,
213,HE ORDERED THEM BACK INSIDE,HE ORDERED THEM BACK INSIDE,True,False,0,0,0,0,0,
214,YOU DON'T DESERVE MY GRACE,YOU DON'T DESERVE MY GRACE,True,True,0,0,0,0,0,
215,TAKING NO CHANCES,TAKING NO CHANCES,True,True,0,0,0,0,0,
216,TEARING IT TO THE GROUND,TERRIFYING IT TO THE GROUND,False,True,1,0,0,0,1,
217,THERE WAS A PORTCULLIS,THERE WAS A PERKELLIS,False,True,1,0,0,0,1,
218,PEOPLE SAT ON THE STAIRS,PEOPLE SAT ON THE STAIRS,True,False,0,0,0,0,0,
219,WHICH IS IDEAL FOR IT,WHICH IS IDEAL FOR IT,True,True,0,0,0,0,0,
220,CRACKS WILL APPEAR,CRACKS WILL APPEAR,True,False,0,0,0,0,0,
221,SOMEONE CAME OUT OF A NEIGHBOURING PROPERTY AND SAID,SOMEONE CAME OUT OF A NEIGHBOURING PROPERTY AND SAID,True,False,0,0,0,0,0,
222,VERY EXPENSIVE SHED,VERY EXPENSIVE SHED,True,True,0,0,0,0,0,
223,WITHOUT MY SUNGLASSES,WITHOUT MY SUNGLASSES,True,False,0,0,0,0,0,
224,EVEN THE FOREPLAY,EVEN THE FOUR PLAY,False,False,1,0,0,0,1,
225,AND THEN WHEN IT CAME TO HIS SIGNATURE,AND THEN WHEN IT CAME TO HIS SIGNATURE,True,True,0,0,0,0,0,
226,IT'S A BAKING SHOW,IT'S A BAKING SHOW,True,False,0,0,0,0,0,
227,SHE'S PUSHED HERSELF,SHE'S PUSHED HERSELF,True,False,0,0,0,0,0,
228,IT SOUNDS WRONG,IT SOUNDS WRONG,True,False,0,0,0,0,0,
229,WHAT HAVE YOU LEARNED,WHAT HAVE YOU LEARNED,True,True,0,0,0,0,0,
230,CHILDREN AND ADULTS ALIKE,CHILDREN AND ADULTS ALIKE,True,False,0,0,0,0,0,
231,THAT'S A SHOCKING PERCENTAGE,THAT'S A SHOCKING PERCENTAGE,True,False,0,0,0,0,0,
232,I'M JUST HOPEFUL,I'M JUST HOPEFUL,True,False,0,0,0,0,0,
233,WE HAVE A LOT LESS ATMOSPHERE ABOVE US,WE HAVE A LOT LESS ATMOSPHERE ABOVE US,True,True,0,0,0,0,0,
234,NO LONGER WOULD MEASUREMENT BE BASED ON THE HUMAN BODY,NO LONGER WOULD MEASUREMENT BE BASED ON THE HUMAN BODY,True,True,0,0,0,0,0,
235,NO LONGER DEPENDENT ON THE SUN,NO LONGER DEPENDENT ON THE SUN,True,True,0,0,0,0,0,
236,WHILE I'M SURROUNDED BY WATER RIGHT NOW,WHILE I'M SURROUNDED BY WATER RIGHT NOW,True,True,0,0,0,0,0,
237,OUR CONTINUED PRESSURE,OUR CONTINUED PRESSURE,True,True,0,0,0,0,0,
238,AND INFLAMMATORY PHOTOGRAPH,AND IN FLAMATORY PHOTOGRAPH,False,False,1,0,0,0,1,
239,INFLAMMATORY OR TERRIBLE IMAGES,IN FLAMMATORY OR TERRIBLE IMAGES,False,True,1,0,0,0,1,
240,WE HAVE TO LOOK AT HOW SAUDI ARABIA,WE HAVE TO LOOK AT HOW SAUDI ARABIA,True,True,0,0,0,0,0,
241,IN TERMS OF BRITAIN,IN TERMS OF BRITAIN,True,True,0,0,0,0,0,
242,TO THE AVERAGE PERSON,TO THE AVERAGE PERSON,True,True,0,0,0,0,0,
243,THERE'S A FAIR CHANCE YOU WILL BE,THERE'S A FAIR CHANCE YOU WILL BE,True,True,0,0,0,0,0,
244,ABOUT 2 MILLION,ABOUT 2 MILLION,True,False,0,0,0,0,0,
245,WHEN IT COMES TO THE ISSUE OF EQUAL MARRIAGE,WHEN IT COMES TO THE ISSUE OF EQUAL MARRIAGE,True,True,0,0,0,0,0,
246,TO ALLOW BAD SURVEILLANCE TO WITHER ON THE VINE,TO ALLOW BAD SURVEILLANCE TO WITHER ON THE VINE,True,True,0,0,0,0,0,
247,IF YOU DON'T LIKE THE SLOGAN,IF YOU DON'T LIKE THE SLOGAN,True,True,0,0,0,0,0,
248,YOU HAVE A PROBLEM WITH IT,YOU HAVE A PROBLEM WITH IT,True,True,0,0,0,0,0,
249,IN ALL SERIOUSNESS,IN ALL SERIOUSNESS,True,True,0,0,0,0,0,
250,BUT IT HAS ESTABLISHED THE INFRASTRUCTURE OF A POLICE STATE AND IT COULD BE OPEN TO ABUSE IN THE,BUT IT HAS ESTABLISHED THE INFRASTRUCTURE OF A POLICE STATE AND IT COULD BE OPEN TO ABUSE IN THE,True,True,0,0,0,0,0,
251,I HAVE NOTHING TO HIDE,I HAVE NOTHING TO HIDE,True,True,0,0,0,0,0,
252,BETTER STREET LIGHTING CAN HELP,BETTER STREET LIGHTING CAN HELP,True,True,0,0,0,0,0,
253,THE NEXT GENERATION,THE NEXT GENERATION,True,True,0,0,0,0,0,
254,I'M NOT JEREMY VINE,I'M NOT JEREMY VINE,True,True,0,0,0,0,0,
255,STANDING IN FOR YOUR REGULAR HOST FOR ONE WEEK ONLY,STANDING IN FOR YOUR REGULAR HOST FOR ONE WEEK ONLY,True,True,0,0,0,0,0,
256,AND WHAT A PRIVILEGE THAT IS,AND WHAT A PRIVILEGE THAT IS,True,False,0,0,0,0,0,
257,IF YOU'RE WATCHING,IF YOU'RE WATCHING,True,False,0,0,0,0,0,
258,THAT'S ALL FOR THIS WEEK,THAT'S ALL FOR THIS WEEK,True,True,0,0,0,0,0,
259,ACROSS 95 MILES,ACROSS 95 MILES,True,False,0,0,0,0,0,
260,A FLOATING HOTEL,A FLOATING HOTEL,True,False,0,0,0,0,0,
261,IN THE FORM OF A DESSERT PLATE,IN THE FORM OF A DESSERT PLATE,True,True,0,0,0,0,0,
262,REGARDING ONE OF BRITAIN'S MOST NOTED,REGARDING ONE OF BRITAIN'S MOST NOTED,True,True,0,0,0,0,0,
263,THAT MAKES A GRAND TOTAL OF SIX,THAT MAKES A GRAND TOTAL OF 6,False,False,1,0,0,0,1,
264,IN A MODERN HOUSE,IN A MODERN HOUSE,True,True,0,0,0,0,0,
265,THE PERFECT PINT,THE PERFECT PAINT,False,False,1,0,0,0,1,
266,THEY'RE ALL ABOUT THE SAME,THEY'RE ALL ABOUT THE SAME,True,False,0,0,0,0,0,
267,WE HAVE RUN OUT OF TIME,WE HAVE RUN OUT OF TIME,True,True,0,0,0,0,0,
268,LOUISE AND KEVIN,LOUISE AND KEVIN,True,False,0,0,0,0,0,
269,NOW THEY ARE GATHERING,NOW THEY ARE GATHERING,True,True,0,0,0,0,0,
270,ALL LIFE IN THE ARCTIC,ALL LIFE IN THE ARCTIC,True,True,0,0,0,0,0,
271,COULD WE ARRANGE THAT,COULD WE ARRANGE THAT,True,True,0,0,0,0,0,
272,I WAS FINE YESTERDAY,I WAS FINE YESTERDAY,True,True,0,0,0,0,0,
273,LET'S NOT MESS ABOUT,LET'S NOT MESS ABOUT,True,True,0,0,0,0,0,
274,WHAT I CAN TELL YOU,WHAT I CAN TELL YOU,True,True,0,0,0,0,0,
275,THIS IS SOUTH WELL,THIS IS SOUTHWELL,False,False,1,0,0,0,1,
276,THE ROMANS FELT THEIR PRESENCE WAS STRONG ENOUGH HERE,THE ROMANS FELT THEIR PRESENCE WAS STRONG ENOUGH HERE,True,True,0,0,0,0,0,
277,TO SAY TO THE KING,TO SAY TO THE KING,True,True,0,0,0,0,0,
278,WHEN HE WAS STAYING AT THE PALACE,WHEN HE WAS STAYING AT THE PALACE,True,True,0,0,0,0,0,
279,HOME TO AN ANIMAL THAT IS RIGHT AT THE TOP OF THE FOOD CHAIN,HOME TO AN ANIMAL THAT IS RIGHT AT THE TOP OF THE FOOD CHAIN,True,True,0,0,0,0,0,
280,LITERALLY TWO MINUTES FROM THE AIRPORT,LITERALLY TWO MINUTES FROM THE AIRPORT,True,True,0,0,0,0,0,
281,MAYBE MORE OF STEEL AND IRON,MAYBE MORE OF STEEL AND IRON,True,True,0,0,0,0,0,
282,WHICH MELTS MORE ICE,WHICH MELTS MORE ICE,True,True,0,0,0,0,0,
283,THINK ABOUT THE MELTING SEA ICE,THINK ABOUT THE MELTING ICE,False,True,0,0,0,0,0,
284,AGAIN OPEN TO THE ELEMENTS,AGAIN OPEN TO THE ELEMENTS,True,True,0,0,0,0,0,
285,VERY ATTRACTIVE YOUNG WOMAN,VERY ATTRACTIVE YOUNG WOMAN,True,True,0,0,0,0,0,
286,AND THAT HAD AN IMPORTANT EFFECT,AND THAT HAD AN IMPORTANT EFFECT,True,True,0,0,0,0,0,
287,PROVIDED BY THE RAILWAYS,PROVIDED BY THE RAILWAYS,True,True,0,0,0,0,0,
288,THE GREAT THING ABOUT THE RAILWAYS IS,THE GREAT THING ABOUT THE RAILWAYS IS,True,False,0,0,0,0,0,
289,EVERYONE ARRIVES AT THE SAME PLACE AT THE SAME TIME,EVERYONE ARRIVES AT THE SAME PLACE AT THE same TIME,True,False,0,0,0,0,0,
290,THERE IS ONE THING,THERE IS ONE THING,True,True,0,0,0,0,0,
291,IT MIGHT BE BONFIRE NIGHT,IT MIGHT BE BONFIRE NIGHT,True,True,0,0,0,0,0,
292,OF COURSE IT WILL,OF COURSE IT WILL,True,True,0,0,0,0,0,
293,TODAY'S CONTESTANTS ARE,TODAY'S CONTESTANTS ARE,True,True,0,0,0,0,0,
294,I FEEL GUILTY WHEN I'M AT HOME,I FEEL GUILTY WHEN I'M AT HOME,True,True,0,0,0,0,0,
295,I WILL ALWAYS NEED YOU,I WILL ALWAYS NEED YOU,True,True,0,0,0,0,0,
296,AS YOU MIGHT SAY,AS YOU MIGHT SAY,True,True,0,0,0,0,0,
297,BUT MY GOODNESS,BUT MY GOODNESS,True,True,0,0,0,0,0,
298,ALSO KNOWN AS A TANDEM,ALSO KNOWN AS A TANDEM,True,False,0,0,0,0,0,
299,SO I THINK IT IS A PIECE OF VERY ONE DIMENSIONAL LEFT WING PROPAGANDA,SO I THINK IT IS A PIECE OF VERY ONE DIMENSIONAL LEFT WING PROPAGANDA,True,True,0,0,0,0,0,
300,THERE IS A HUGE CROSSOVER BETWEEN THE TWO,THERE IS A HUGE CROSS OVER BETWEEN THE TWO,False,True,1,0,0,0,1,
301,TAX CREDITS ARE BASICALLY BENEFITS,TAX CREDITS ARE BASICALLY BENEFITS,True,True,0,0,0,0,0,
302,FORMERLY KNOWN AS SIMON,FORMERLY KNOWN AS SIMON,True,False,0,0,0,0,0,
303,I FEEL LIKE THIS,I FEEL LIKE THIS,True,True,0,0,0,0,0,
304,BECAUSE THAT'S HOW YOU ARE A PART OF SOCIETY,BECAUSE THAT'S HOW YOU ARE A PART OF SOCIETY,True,True,0,0,0,0,0,
305,BEFORE I CAME OUT,BEFORE I CAME OUT,True,True,0,0,0,0,0,
306,OR MORE CORRECTLY COUNCILS,OR MORE CORRECTLY COUNCILS,True,True,0,0,0,0,0,
307,ESPECIALLY AS IT RELATES TO CHILDREN,ESPECIALLY AS IT RELATES TO CHILDREN,True,True,0,0,0,0,0,
308,THEY ARE CHILDREN,THEY ARE CHILDREN,True,True,0,0,0,0,0,
309,I DO HOPE YOU'LL JOIN US THEN,I DO HOPE YOU'LL JOIN US THEN,True,True,0,0,0,0,0,
310,ISLAM ALLOWS POLYGAMY,ISLAM ALLOWS POLIGAMY,False,False,1,0,0,0,1,
311,IF YOU HAVEN'T CAUGHT IT YET,IF YOU HAVEN'T CAUGHT IT YET,True,True,0,0,0,0,0,
312,HERSELF CURRENTLY LEARNING TO SIGN,HERSELF CURRENTLY LEARNING TO SIGN,True,True,0,0,0,0,0,
313,SOME PEOPLE HERE TONIGHT PREFER SUBTITLES,SOME PEOPLE HERE TONIGHT PREFER SUBTITLES,True,True,0,0,0,0,0,
314,SURELY AS A MATTER OF PRINCIPLE,SURELY AS A MATTER OF PRINCIPLE,True,True,0,0,0,0,0,
315,IF YOU'RE WATCHING,IF YOU'RE WATCHING,True,False,0,0,0,0,0,
316,STANDARD RATES APPLY,STANDARD RATES APPLY,True,False,0,0,0,0,0,
317,HASN'T TIME FLOWN,HASN'T TIME FLOWN,True,False,0,0,0,0,0,
318,WHEN MY HUSBAND AND I ARE NOT AROUND,WHEN MY HUSBAND AND I ARE NOT AROUND,True,True,0,0,0,0,0,
319,ASKING FOR PERMISSION,ASKING FOR PERMISSION,True,True,0,0,0,0,0,
320,AND IT WAS TOTALLY NORMAL,AND IT WAS TOTALLY NORMAL,True,False,0,0,0,0,0,
321,THAT SOUNDS LIKE A PRETTY CRAZY JOB FOR ANYONE TO BE DOING,THAT SOUNDS LIKE A PRETTY CRAZY JOB FOR ANYONE TO BE DOING,True,True,0,0,0,0,0,
322,ALL MY FINGERS WERE HANGING OFF,ALL MY FINGERS WERE HANGING OFF,True,False,0,0,0,0,0,
323,I WENT TO USE MY RIGHT ARM,I WENT TO USE MY RIGHT ARM,True,True,0,0,0,0,0,
324,HE WAS SHOT AND KILLED,HE WAS SHOT AND KILLED,True,False,0,0,0,0,0,
325,IF I DIDN'T HAVE HER,IF I DIDN'T HAVE HER,True,True,0,0,0,0,0,
326,I'M WITH MARK TWAIN LIES,I'M WITH MARK TWAIN LIES,True,True,0,0,0,0,0,
327,IT'S THE INTERNET,IT'S THE INTERNET,True,False,0,0,0,0,0,
328,AND I'M WARNING YOU,AND I'M WARNING YOU,True,True,0,0,0,0,0,
329,IN THE BASEMENT,IN THE BASEMENT,True,True,0,0,0,0,0,
330,THEY HAVEN'T GONE FAR,THEY HAVEN'T GONE FAR,True,False,0,0,0,0,0,
331,TIME NOW FOR ONE OF THE GREATEST TV COMEBACKS OF OUR TIME,TIME NOW FOR ONE OF THE GREATEST TV COMEBACKS OF OUR TIME,True,True,0,0,0,0,0,
332,HAROLD IN NEIGHBOURS,HAROLD IN NEIGHBOURS,True,True,0,0,0,0,0,
333,WE NEED TO START LAYERING,WE NEED TO START LAYERING,True,True,0,0,0,0,0,
334,ONE WAS A PILOT,ONE WAS A PILOT,True,True,0,0,0,0,0,
335,SURRENDER WAS NOT AN OPTION,SURRENDER WAS NOT AN OPTION,True,True,0,0,0,0,0,
336,MANY WERE TEENAGERS ABOUT TO GET THEIR FIRST TASTE OF WAR,MANY WERE TEENAGERS ABOUT TO GET THEIR FIRST TASTE OF WAR,True,True,0,0,0,0,0,
337,HE DIED THAT VERY FIRST DAY,HE DIED THAT VERY FIRST DAY,True,True,0,0,0,0,0,
338,THIS IS ONE OF THE QUESTIONS,THIS IS ONE OF THE QUESTIONS,True,True,0,0,0,0,0,
339,CELEBRATING 100 YEARS OF WAR FILMS,CELEBRATING 100 YEARS OF WAR FILMS,True,True,0,0,0,0,0,
340,WHERE I'M GOING,WHERE I'M GOING,True,True,0,0,0,0,0,
341,BUT TEN YEARS AGO,BUT 10 YEARS AGO,False,True,1,0,0,0,1,
342,IT COULD END TONIGHT,IT COULD END TONIGHT,True,False,0,0,0,0,0,
343,BACK IN SIERRA LEONE,BACK IN SIERRA LEONE,True,True,0,0,0,0,0,
344,AND THIS WASN'T UNUSUAL,AND THIS WASN'T UNUSUAL,True,False,0,0,0,0,0,
345,AS WELL AS THE BODY,AS WELL AS THE BODY,True,False,0,0,0,0,0,
346,GIVING HOPE AND CARE TO OTHERS IS SOMETHING OUR ARMED FORCES DO WITHOUT QUESTION,GIVING HOPE AND CARE TO OTHERS IS SOMETHING OUR ARMED FORCES DO WITHOUT QUESTION,True,True,0,0,0,0,0,
347,WE HEARD THE STORY OF THE NURSE ANNA CROSS,WE HEARD THE STORY OF THE NURSE ANNE ACROSS,False,True,2,0,0,0,2,
348,TO HAVE NO CONTACT AT ALL,TO HAVE NO CONTACT AT ALL,True,True,0,0,0,0,0,
349,SHE NEEDS TO MAKE SURE THAT,SHE NEEDS TO MAKE SURE THAT,True,True,0,0,0,0,0,
350,THEY DON'T CALL THEM TEAM POCKET ROCKET FOR NOTHING,THEY DON'T CALL THEM TEAM POCKET ROCKET FOR NOTHING,True,True,0,0,0,0,0,
351,AND THE WEATHER HAS BEEN PERFECT,AND THE WEATHER HAS BEEN PERFECT,True,True,0,0,0,0,0,
352,COURAGE UNDER FIRE,COURAGE UNDER FIRE,True,False,0,0,0,0,0,
353,MOST OF HIS LIFE,MOST OF HIS LIFE,True,False,0,0,0,0,0,
354,THIS IS THE LORD ASHCROFT GALLERY,THIS IS THE LORD ASHCROFT GALLERY,True,False,0,0,0,0,0,
355,TRAPPED UNDER HEAVY ARTILLERY FIRE,TRAPPED UNDER HEAVY ARTILLERY FIRE,True,False,0,0,0,0,0,
356,TEN DAYS BEFOREHAND,TEN DAYS BEFORE HAND,False,False,1,0,0,0,1,
357,THE PRESIDENT ELECT HAS MET WITH PRESIDENT OBAMA,THE PRESIDENT ELECT HAS MET WITH PRESIDENT OBAMA,True,False,0,0,0,0,0,
358,MR TRUMP TAKES OFFICE IN JANUARY,MR TRUMP TAKES OFFICE IN JANUARY,True,True,0,0,0,0,0,
359,TODAY THEY TALKED ABOUT THE PROCESS OF TRANSITION,TODAY THEY TALKED ABOUT THE PROCESS OF TRANSITION,True,False,0,0,0,0,0,
360,WE HAVE ALL THE USUAL SUSPECTS,WE HAVE ALL THE USUAL SUSPECTS,True,True,0,0,0,0,0,
361,ANYWHERE IN THE WORLD,ANYWHERE IN THE WORLD,True,True,0,0,0,0,0,
362,DEMONSTRATES THE VALUE OF GREEN SPACE,DEMONSTRATES THE VALUE OF GREEN SPACE,True,False,0,0,0,0,0,
363,SO TEN CUBIC METRES,SO 10 CUBIC METRES,False,True,1,0,0,0,1,
364,I JUST COLLAPSED,I JUST COLLAPSED,True,True,0,0,0,0,0,
365,I'VE BEEN INVOLVED WITH THE MILITARY,I'VE BEEN INVOLVED WITH THE MILITARY,True,True,0,0,0,0,0,
366,THE ARMED FORCES,THE ARMED FORCES,True,False,0,0,0,0,0,
367,THAT KNOCK ON THE DOOR IS A MOMENT THEY WILL NEVER FORGET,THAT KNOCK ON THE DOOR IS A MOMENT THEY WILL NEVER FORGET,True,False,0,0,0,0,0,
368,WHO WAS KILLED IN AFGHANISTAN,WHO WAS KILLED IN AFGHANISTAN,True,True,0,0,0,0,0,
369,ON A ROUTINE VISIT TO AN IRAQI POLICE STATION,ON A ROUTINE VISIT TO AN IRAQI POLICE STATION,True,True,0,0,0,0,0,
370,KILLING HIM AND FIVE FRIENDS,KILLING HIM AND FIVE FRIENDS,True,True,0,0,0,0,0,
371,IT WON'T TAKE A MOMENT,IT WON'T TAKE A MOMENT,True,False,0,0,0,0,0,
372,SO WHAT IS THE ETIQUETTE,SO WHAT IS THE ETHIC,False,True,1,0,0,0,1,
373,BETWEEN THEM NOW,BETWEEN THEM NOW,True,False,0,0,0,0,0,
374,I HAVE HAD MY FITTING NOW,I HAVE HAD MY FITTING NOW,True,True,0,0,0,0,0,
375,MR KHAN SPEAKING,MR CONNIE SPEAKING,False,True,1,0,0,0,1,
376,IF WE HAVE LEARNED ONE THING OVER THE PAST YEAR,IF WE HAVE LEARNED ONE THING OVER THE PAST YEAR,True,True,0,0,0,0,0,
377,I DON'T REALLY WANT TO GO,I DON'T REALLY WANT TO GO,True,True,0,0,0,0,0,
378,RISING ABOVE IT,RISING ABOVE IT,True,False,0,0,0,0,0,
379,THE OLYMPIC SWIMMER,THE OLYMPICS SWIMMER,False,False,1,0,0,0,1,
380,I WISH I WAS MORE LIKE YOU,I WISH I WAS MORE LIKE YOU,True,True,0,0,0,0,0,
381,WHY DON'T WE ALL JUST GET ALONG,WHY DON'T WE ALL JUST GET ALONG,True,True,0,0,0,0,0,
382,A TRIBAL NATION,A TRIBAL NATION,True,False,0,0,0,0,0,
383,WHICH UPSET SOME OF OUR FEMALE RESIDENTS,WHICH UPSETS SOME OF OUR FEMALE RESIDENTS,False,True,1,0,0,0,1,
384,PUERTO RICAN STYLE,PWARE TO RECONSTRUCT,False,False,3,0,0,0,3,
385,IT WAS REALLY NICE,IT WAS REALLY NICE,True,False,0,0,0,0,0,
386,YOU WON'T HAVE LONG,YOU WON'T HAVE LONG,True,True,0,0,0,0,0,
387,ON THIS REMEMBRANCE WEEKEND,ON THIS REMEMBRANCE WEEKEND,True,False,0,0,0,0,0,
388,AN OPPORTUNITY TO PAY TRIBUTE TO ALL MEMBERS OF THE ARMED FORCES,AN OPPORTUNITY TO PAY TRIBUTE TO ALL MEMBERS OF THE ARMED FORCES,True,True,0,0,0,0,0,
389,WE WOULD LOVE TO SELL IT,WE WOULD LOVE TO SELL IT,True,True,0,0,0,0,0,
390,ONLY SEVEN PLACES REMAIN,ONLY SEVEN PLACES REMAIN,True,False,0,0,0,0,0,
391,GREAT LEONARD COHEN,GREAT LEONARD COHEN,True,False,0,0,0,0,0,
392,I LOVE WEDDINGS,I LOVE WEEDINGS,False,True,1,0,0,0,1,
393,I'VE GOT A BETTER IDEA,I'VE GOT A BETTER IDEA,True,False,0,0,0,0,0,
394,WHY DON'T WE ALL OBJECT,WHY DON'T WE ALL OBJECT,True,True,0,0,0,0,0,
395,THAT WAS AMAZING,THAT WAS AMAZING,True,False,0,0,0,0,0,
396,IT WAS AN INCREDIBLE PERFORMANCE,IT WAS AN INCREDIBLE PERFORMANCE,True,True,0,0,0,0,0,
397,IT WAS INCREDIBLE ENTERTAINMENT,IT WAS INCREDIBLE ENTERTAINMENT,True,False,0,0,0,0,0,
398,UP UNTIL LAST WEEK,UP UNTIL LAST WEEK,True,True,0,0,0,0,0,
399,THE MAN TAKES THE LEAD,THE MAN TAKES THE LEAD,True,True,0,0,0,0,0,
400,IT'S TIME NOW FOR EVERYTHING IN BETWEEN,IT'S TIME NOW FOR EVERYTHING IN BETWEEN,True,True,0,0,0,0,0,
401,I REALLY APPRECIATE IT,I REALLY APPRECIATE IT,True,True,0,0,0,0,0,
402,AND YOU'VE GOT EVERY RIGHT TO BE,AND YOU'VE GOT EVERY RIGHT TO BE,True,True,0,0,0,0,0,
403,THAT WAS FAST AND FURIOUS,THAT WAS FAST AND FURIOUS,True,False,0,0,0,0,0,
404,THAT'S NOT AN ANCIENT ROMAN MASK,THAT'S NOT AN ANCIENT ROMAN MASK,True,True,0,0,0,0,0,
405,HE'S JAPANESE MADE,HE'S JAPANESE MADE,True,True,0,0,0,0,0,
406,WHICH A LOT OF THEM WERE,WHICH A LOT OF THEM WERE,True,True,0,0,0,0,0,
407,OUR JOURNEY ISN'T OVER YET,OUR JOURNEY ISN'T OVER YET,True,True,0,0,0,0,0,
408,AND IT'S NOT JUST ANY OLD TUESDAY,AND IT'S NOT JUST ANY OLD TUESDAY,True,True,0,0,0,0,0,
409,WHO KNEW THAT ONE MAN,WHO KNEW THAT ONE MAN,True,True,0,0,0,0,0,
410,BUT IT MIGHT BE TOO LATE BY THEN,BUT IT MIGHT BE TOO LATE BY THEN,True,True,0,0,0,0,0,
411,FROM WHAT WE KNOW,FROM WHAT WE KNOW,True,True,0,0,0,0,0,
412,GRAHAM BARON ASH,GRAHAM BARRENASH,False,True,1,0,0,0,1,
413,AND THEY WERE THE FIRST PEOPLE,AND THEY WERE THE FIRST PEOPLE,True,False,0,0,0,0,0,
414,FURNITURE OR OBJECTS LIKE THAT,FURNITURE OR OBJECTS LIKE THAT,True,True,0,0,0,0,0,
415,IT WAS MADE IN GERMANY,IT WAS MADE IN GERMANY,True,True,0,0,0,0,0,
416,NO ONE WOULD LOOK TWICE,NO ONE WOULD LOOK TWICE,True,True,0,0,0,0,0,
417,THEY WERE SO INSPIRED BY IT,THEY WERE SO INSPIRED BY IT,True,True,0,0,0,0,0,
418,LEARN AS MUCH AS POSSIBLE,LEARN AS MUCH AS POSSIBLE,True,False,0,0,0,0,0,
419,KEEP GOING ON ABOUT THIS,KEEP GOING ON ABOUT THIS,True,False,0,0,0,0,0,
420,I DO NOTHING WRONG,I DO NOTHING WRONG,True,True,0,0,0,0,0,
421,THIS IS WHERE THE SURPRISES HAPPEN,THIS IS WHERE THE SURPRISES HAPPEN,True,True,0,0,0,0,0,
422,IT'S TIME TO RETURN TO WOLVERHAMPTON,IT'S TIME TO RETURN TO WOLVERHAMPTON,True,True,0,0,0,0,0,
423,THEY DECIDED TO TIE THE KNOT,THEY DECIDED TO TIE THE KNOT,True,True,0,0,0,0,0,
424,EVERYWHERE YOU GO AROUND HERE,EVERYWHERE YOU GO AROUND HERE,True,True,0,0,0,0,0,
425,WE HAVE SOME UNFINISHED BUSINESS TO DO IN THE AUCTION ROOM,WE HAVE SOME UNFINISHED BUSINESS TO DO IN THE AUCTION ROOM,True,True,0,0,0,0,0,
426,WE HAVE GONE DIGITAL,WE HAVE GONE DIGITAL,True,True,0,0,0,0,0,
427,AND AFTER REACHING OUT TO HIM ON THE SHOW,AND AFTER REACHING OUT TO HIM ON THE SHOW,True,True,0,0,0,0,0,
428,RUN FOR COVER IF YOU CAN,RUN FOR COVER IF YOU CAN,True,True,0,0,0,0,0,
429,THEY ARE UNDER A LOT OF STRESS,THEY ARE UNDER A LOT OF STRESS,True,True,0,0,0,0,0,
430,WELCOME TO THE TOWER,WELCOME TO THE TOWER,True,True,0,0,0,0,0,
431,WAS IT YOUR CHOICE,WAS IT YOUR CHOICE,True,False,0,0,0,0,0,
432,YOU REALLY FEEL A PART OF IT,YOU REALLY FEEL A PART OF IT,True,True,0,0,0,0,0,
433,SO WONDERFUL TO SEE THAT,SO WONDERFUL TO SEE THAT,True,True,0,0,0,0,0,
434,FOR ME IT DOESN'T MAKE SENSE,FOR ME IT DOESN'T MAKE SENSE,True,True,0,0,0,0,0,
435,IF WE HAVE A BELIEF IN REINCARNATION,IF WE HAVE A BELIEF IN REINCARNATION,True,True,0,0,0,0,0,
436,EVEN THOUGH HER FATHER AT THAT TIME DISAGREED,EVEN THOUGH HER FATHER AT THAT TIME DISAGREED,True,False,0,0,0,0,0,
437,SO WHEN THE BODY IS BROUGHT BACK,SO WHEN THE BODY IS BROUGHT BACK,True,True,0,0,0,0,0,
438,MY FIRST GRANDDAUGHTER,MY FIRST GRANDDAUGHTER,True,False,0,0,0,0,0,
439,NON VIOLENT OFFENCES,NON VIOLENT OFFENCES,True,False,0,0,0,0,0,
440,THERE ARE A LOT OF PEOPLE,THERE ARE A LOT OF PEOPLE,True,True,0,0,0,0,0,
441,BUT I COME ACROSS TRAINING PRISONS NOW,BUT I COME ACROSS TRAINING PRISONS NOW,True,True,0,0,0,0,0,
442,THE COST OF THIS FAILURE,THE COST OF THIS FAILURE,True,False,0,0,0,0,0,
443,THE AVERAGE COST OF KEEPING A PERSON IN PRISON IS 36,THE AVERAGE COST OF KEEPING A PERSON IN PRISON IS 36,True,True,0,0,0,0,0,
444,THE MOST FAMOUS OF THEM ALL HAVE TO BE THE WORKS OF THE BRONTE SISTERS,THE MOST FAMOUS OF THEM ALL HAVE TO BE THE WORKS OF THE BRONTË SISTERS,False,True,1,0,0,0,1,
445,IN TERMS OF FIRE SERVICE RESOURCES,IN TERMS OF FIRE SERVICE RESOURCES,True,True,0,0,0,0,0,
446,RATHER THAN USING DRUGS,RATHER THAN USING DRUGS,True,False,0,0,0,0,0,
447,HAVE YOU ORDERED YOURS YET,HAVE YOU ORDERED YOURS YET,True,True,0,0,0,0,0,
448,BUT THESE ARE ONE OF THE MOST WARY BIRDS IN THE WORLD,BUT THESE ARE ONE OF THE MOST WARY BIRDS IN THE WORLD,True,True,0,0,0,0,0,
449,THAT'S NOT WHAT I WAS EXPECTING AT ALL,THAT'S NOT WHAT I WAS EXPECTING AT ALL,True,True,0,0,0,0,0,
450,I LOVE SYLLABLES,I LOVE SYLLABLES,True,True,0,0,0,0,0,
451,AND YOU KNOW WHAT THIS MEANS,AND YOU KNOW WHAT THIS MEANS,True,True,0,0,0,0,0,
452,WE MIGHT FIND SOME MARITIME MEMORABILIA,WE MIGHT FIND SOME MARATIME MEMORABILIA,False,True,1,0,0,0,1,
453,IT'S A WONDERFUL,IT'S A WONDERFUL,True,False,0,0,0,0,0,
454,STOCKS AND SHARES,STOCKS AND SHARES,True,False,0,0,0,0,0,
455,AND IN THE PROCESS OF ME NOT OFFENDING GOD,AND IN THE PROCESS OF ME NOT OFFERING GOD,False,True,1,0,0,0,1,
456,I DON'T CARE WHAT THE COST IS,I DON'T CARE WHAT THE COST IS,True,True,0,0,0,0,0,
457,BECAUSE THE WHOLE POINT OF 9 11 IS THAT IT'S THE JUSTIFICATION FOR THE POLICE STATE,BECAUSE THE WHOLE POINT OF 9/11 IS THAT IT'S THE JUSTIFICATION FOR THE POLICE STATE,False,True,1,0,0,0,1,
458,AND I GUESS THAT'S WHAT'S HAPPENING HERE,AND I GUESS THAT'S WHAT'S HAPPENING HERE,True,True,0,0,0,0,0,
459,AND FROM WHAT I'VE HEARD,AND FROM WHAT I'VE HEARD,True,True,0,0,0,0,0,
460,AND IT'S ALL ABOUT THE CONTEXT,AND IT'S ALL ABOUT THE CONTEXT,True,False,0,0,0,0,0,
461,CHILD OF THE MILLENNIUM,CHILD OF THE MOLYNEUX,False,False,1,0,0,0,1,
462,TWO APPOINTMENTS LATER,TWO APPOINTMENTS LATER,True,True,0,0,0,0,0,
463,THE MAN WHO CARES ABOUT ANIMALS,THE MAN WHO CARES ABOUT ANIMALS,True,False,0,0,0,0,0,
464,GUESS WHAT I'M TALKING ABOUT RIGHT NOW,GUESS WHAT I'M TALKING ABOUT RIGHT NOW,True,True,0,0,0,0,0,
465,HERE TO GIVE US A RUNDOWN OF THE GREATEST FACIAL CHOREOGRAPHY EVER SEEN ON THE BOX,HERE TO GIVE US A RUN DOWN OF THE GREATEST FAMILIAL CHOREOGRAPHY EVER SEEN ON THE BOX,False,True,2,0,0,0,2,
466,FACE TO REALLY TELL THE STORY,FACE TO REALLY TELL THE STORY,True,True,0,0,0,0,0,
467,GET YOURSELF OVER HERE BECAUSE FIRST UP TONIGHT,GET YOURSELF OVER HERE BECAUSE FIRST UP TONIGHT,True,True,0,0,0,0,0,
468,IF YOU WANT TO KNOW WHAT THE KIDS ARE LISTENING TO THESE DAYS,IF YOU WANT TO KNOW WHAT THE KIDS ARE LISTENING TO THESE DAYS,True,True,0,0,0,0,0,
469,LOUISE AND KEVIN,LOUISE AND KEVIN,True,False,0,0,0,0,0,
470,AND IT'S THE ONE THAT,AND IT'S THE ONE THAT,True,True,0,0,0,0,0,
471,THAT WAS BEAUTIFUL,THAT WAS BEAUTIFUL,True,False,0,0,0,0,0,
472,ON INTERNATIONAL WOMEN'S DAY,ON INTERNATIONAL WOMEN'S DAY,True,True,0,0,0,0,0,
473,AND WENT ON THE ORDINARY WING,AND WENT ON THE ORDINARY WING,True,False,0,0,0,0,0,
474,THE DUKE OF GLOUCESTER,THE DUKE OF GLOSTER,False,False,1,0,0,0,1,
475,AND YOU KNOW THAT,AND YOU KNOW THAT,True,True,0,0,0,0,0,
476,WE HAVE THE DELECTABLE NEIL JONES,WE HAVE THE DELICATE ALUMNI,False,True,2,0,0,0,2,
477,THAT WAS SOME TIME AGO,THAT WAS SOME TIME AGO,True,True,0,0,0,0,0,
478,REAL FRIENDS THAT CARE ABOUT ME,REAL FRIENDS THAT CARE ABOUT ME,True,True,0,0,0,0,0,
479,CLEARLY THEY DO,CLEARLY THEY DO,True,True,0,0,0,0,0,
480,YOU DON'T NEED IT,YOU DON'T NEED IT,True,True,0,0,0,0,0,
481,THE REASON BEING,THE REASON BEING,True,False,0,0,0,0,0,
482,THE PRESIDENT'S CHAIR,THE PRESIDENT'S CHAIR,True,False,0,0,0,0,0,
483,NOT TO THINK FOR THEMSELVES,NOT TO THINK FOR THEMSELVES,True,True,0,0,0,0,0,
484,WITH MY BLESSING,WITH MY BLESSING,True,False,0,0,0,0,0,
485,THAT'S THE MESSAGE FROM INDEPENDENT ECONOMISTS AFTER THE CHANCELLOR'S AUTUMN STATEMENT,THAT'S THE MESSAGE FROM INDEPENDENT ECONOMISTS AFTER THE CHANCELLOR'S AUTUMN STATEMENT,True,False,0,0,0,0,0,
486,AND WITH THAT IN MIND,AND WITH THAT IN MIND,True,True,0,0,0,0,0,
487,HIS FATHER DIED,HIS FATHER DIED,True,True,0,0,0,0,0,
488,NOT JUST HERE IN NOTTINGHAMSHIRE,NOT JUST HERE IN NOTTINGHAMSHIRE,True,True,0,0,0,0,0,
489,BUT IT SEEMS THE PENDANT IS TO EVERYONE'S PERSONAL TASTE,BUT IT SEEMS THE PENDANT IS TO EVERYONE'S PERSONAL TASTE,True,True,0,0,0,0,0,
490,IT'S TIME TO FIND OUT IF NIGEL,IT'S TIME TO FIND OUT IF NIGEL,True,True,0,0,0,0,0,
491,REMEMBER THAT MAN WITH THE CAMERA,REMEMBER THAT MAN WITH THE CAMERA,True,False,0,0,0,0,0,
492,AND YOU CAN FOLLOW US,AND YOU CAN FOLLOW US,True,True,0,0,0,0,0,
493,BUT IT'S NOT ALL BAD NEWS,BUT IT'S NOT ALL BAD NEWS,True,True,0,0,0,0,0,
494,I DO KNOW WHAT IT MEANS,I DO KNOW WHAT IT MEANS,True,True,0,0,0,0,0,
495,AFTER ALL I'VE BEEN THROUGH,AFTER ALL I'VE BEEN THROUGH,True,True,0,0,0,0,0,
496,I WANT TO TALK ABOUT DADDY TOO,I WANT TO TALK ABOUT DADDY TO,False,True,1,0,1,0,0,
497,EVERYONE WAS BLOWN AWAY,EVERYONE WAS BLOWN AWAY,True,False,0,0,0,0,0,
498,WE STILL HAVE ALL OF THIS TO COME,WE STILL HAVE ALL OF THIS TO COME,True,True,0,0,0,0,0,
499,I WANT TO TAKE A SELFIE,I WANT TO TAKE A SELFIE,True,True,0,0,0,0,0,
500,RESCUING A DAMSEL IN DISTRESS,RESCUING A DAMSEL IN DISTRESS,True,True,0,0,0,0,0,
501,ALL OF THAT COULD CHANGE,ALL OF THAT COULD CHANGE,True,False,0,0,0,0,0,
502,BUT WHAT EXACTLY IS IT,BUT WHAT EXACTLY IS IT,True,True,0,0,0,0,0,
503,HOW DOES IT WORK,HOW DOES IT WORK,True,False,0,0,0,0,0,
504,THERE'S ALWAYS HISTORICAL TREASURES TO LOOK AT,THERE'S ALWAYS HISTORICAL TREASURES TO LOOK AT,True,True,0,0,0,0,0,
505,FAST AND FURIOUS,FAST AND FURIOUS,True,False,0,0,0,0,0,
506,AND LATER IN TURN,AND LATER IN TURN,True,True,0,0,0,0,0,
507,HE MOVED AROUND A LOT,HE MOVED AROUND A LOT,True,False,0,0,0,0,0,
508,AS IS THE TITLE OF THIS POEM,AS IS THE TITLE OF THIS POEM,True,False,0,0,0,0,0,
509,FOUR KILOMETRES WITHOUT EVEN REALLY THINKING ABOUT IT,FOUR KILOMETRES WITHOUT EVEN REALLY THINKING ABOUT IT,True,True,0,0,0,0,0,
510,IN THE HIGHWAY CODE ITSELF,IN THE HIGHWAY CODE ITSELF,True,True,0,0,0,0,0,
511,SO IN THE MEANTIME,SO IN THE MEANTIME,True,True,0,0,0,0,0,
512,THROUGH ANTIBODY DIRECTED THERAPY,THROUGH ANTIBODY DIRECTED THERAPY,True,True,0,0,0,0,0,
513,AND I FEEL VERY,AND I FEEL VERY,True,True,0,0,0,0,0,
514,I'M YOUR SIMON COWELL,I'M YOUR SIMON COWELL,True,False,0,0,0,0,0,
515,I JUST CAN'T SEEM TO WIN,I JUST CAN'T SEEM TO WIN,True,True,0,0,0,0,0,
516,IT'LL BE A BRILLIANT SUCCESS,IT'LL BE A BRILLIANT SUCCESS,True,True,0,0,0,0,0,
517,HE RETRIEVED THE FLAG,HE RETRIEVED THE FLAG,True,False,0,0,0,0,0,
518,I'M STRUGGLING WITH THAT ONE,I'M STRUGGLING WITH THAT ONE,True,True,0,0,0,0,0,
519,HE'S A LATIN SENSATION,HE'S A LATIN SENSATION,True,False,0,0,0,0,0,
520,BORN INTO A FAMILY OF DANCERS,BORN INTO A FAMILY OF DANCERS,True,True,0,0,0,0,0,
521,I MADE A FEW CALLS,I MADE A FEW CALLS,True,True,0,0,0,0,0,
522,AS WELL AS THE GREEN MAN,AS WELL AS THE GREEN MAN,True,False,0,0,0,0,0,
523,THIS IS EXTREMELY RARE AND VALUABLE,THIS IS EXTREMELY RARE AND VALUABLE,True,False,0,0,0,0,0,
524,NOT FOR SUBJECT MATTER,NOT FOR SUBJECT MATTER,True,True,0,0,0,0,0,
525,I HASTEN TO ADD,I HESITANT TO AD,False,True,2,0,1,0,1,
526,HERE ON THE DAY,HERE ON THE DAY,True,True,0,0,0,0,0,
527,BUT I FELT HE WAS EXPOSED,BUT I FELT HE WAS EXPOSED,True,True,0,0,0,0,0,
528,AND YOU AND HIM,AND YOU AND HIM,True,True,0,0,0,0,0,
529,WILL APPEAR IN COURT NEXT MONTH,WILL APPEAR IN COURT NEXT MONTH,True,True,0,0,0,0,0,
530,AND THE CHAMPAGNE,AND THE CHAMPAGNE,True,False,0,0,0,0,0,
531,BEFORE WE BRING ON OUR NEXT CONTENDER,BEFORE WE BRING ON OUR NEXT CONTENDER,True,True,0,0,0,0,0,
532,IF YOU'VE GOT A QUESTION FOR EITHER OF THEM,IF YOU'VE GOT A QUESTION FOR EITHER OF THEM,True,True,0,0,0,0,0,
533,SO TO DO BALLROOM,SO TO DO BALLROOM,True,True,0,0,0,0,0,
534,I AM THE ULTIMATE POWER,I AM THE ULTIMATE POWER,True,True,0,0,0,0,0,
535,IT IS THE QUARTER FINALS,IT IS THE QUARTER FINALS,True,False,0,0,0,0,0,
536,WE HAD A BLAZING ROW,WE HAD A BLAZING ROW,True,True,0,0,0,0,0,
537,THE FAMILY SEAT,THE FAMILY SEAT,True,False,0,0,0,0,0,
538,PLEASE WELCOME JENNY ECLAIR,PLEASE WELCOME GENIE CLARKE,False,False,2,0,0,0,2,
539,IT'S A MOVIE THEME,IT'S A MOVIE THEME,True,False,0,0,0,0,0,
540,THEY HAVE NO IDEA WHAT TO EXPECT,THEY HAVE NO IDEA WHAT TO EXPECT,True,True,0,0,0,0,0,
541,TWO AND A HALF MINUTES FOR THAT ROUND,TWO AND A HALF MINUTES FOR THAT ROUND,True,True,0,0,0,0,0,
542,I'M NOT SATISFIED,I'M NOT SATISFIED,True,True,0,0,0,0,0,
543,IT'S ON OUR CABLE PACKAGE,IT'S ON OUR CABLE PACKAGE,True,True,0,0,0,0,0,
544,WHEN WE SEE HIM,WHEN WE SEE HIM,True,True,0,0,0,0,0,
545,YOU WANT ME TO BE HAPPY,YOU WANT ME TO BE HAPPY,True,True,0,0,0,0,0,
546,WHAT SEASON WAS THAT,WHAT SEASON WAS THAT,True,False,0,0,0,0,0,
547,NO FOOD LEFT OUT,NO FOOD LEFT OUT,True,True,0,0,0,0,0,
548,I'LL MEET YOU AT THE PARTY,I'LL MEET YOU AT THE PARTY,True,True,0,0,0,0,0,
549,PROBABLY IN THE WORLD,PROBABLY IN THE WORLD,True,True,0,0,0,0,0,
550,I'M REALLY LOOKING FORWARD TO THIS,I'M REALLY LOOKING FORWARD TO THIS,True,True,0,0,0,0,0,
551,AND IT'S EVEN RARER TO FIND ONE THAT HASN'T BEEN DUG INTO BY ANTIQUARIANS,AND IT'S EVEN RARER TO FIND ONE THAT HASN'T BEEN DUG INTO BY ANTIQUARIANS,True,True,0,0,0,0,0,
552,WHAT WE'VE GOT HERE IS AN OPPORTUNITY TO UNDERSTAND ONE OF THESE MONUMENTS IN A MODERN,WHAT WE'VE GOT HERE IS AN OPPORTUNITY TO UNDERSTAND ONE OF THESE MONUMENTS IN A MODERN,True,True,0,0,0,0,0,
553,AND PEOPLE LIVING,AND PEOPLE LIVING,True,False,0,0,0,0,0,
554,IT'S ABOUT THE DEAD,IT'S ABOUT THE DEAD,True,False,0,0,0,0,0,
555,A PURIFICATION CEREMONY,A PURIFICATION CEREMONY,True,False,0,0,0,0,0,
556,IT'S ALMOST AN OLD PERSON,IT'S ALMOST AN OLD PERSON,True,True,0,0,0,0,0,
557,AND THIS MIGHT BE,AND THIS MIGHT BE,True,True,0,0,0,0,0,
558,EVERY SINGLE PERSON,EVERY SINGLE PERSON,True,False,0,0,0,0,0,
559,THAT'S THE BEST KIND OF TEACHING,THAT'S THE BEST KIND OF TEACHING,True,False,0,0,0,0,0,
560,I HAD A GREAT TIME,I HAD A GREAT TIME,True,True,0,0,0,0,0,
561,THAT'S WHAT CHILD SUPPORT SERVICES DOES,THAT'S WHAT CHILD SUPPORT SERVICES DOES,True,False,0,0,0,0,0,
562,NICOLA IS DEFINITELY THE LOVE OF MY LIFE,NICOLE IS DEFINITELY THE LOVE OF MY LIFE,False,False,1,0,0,0,1,
563,SHE'S MY JULIET,SHE'S MY JULIET,True,False,0,0,0,0,0,
564,THE ROCHELLE TO MY MARVIN,THE ROSEHELLE TO MY MERVYN,False,True,2,0,0,0,2,
565,I GUESS I'M AFRAID,I GUESS I'M AFRAID,True,True,0,0,0,0,0,
566,I LIKE SPENDING TIME WITH HIM,I LIKE SPENDING TIME WITH HIM,True,True,0,0,0,0,0,
567,AND IT IS A SERVICE,AND IT IS A SERVICE,True,False,0,0,0,0,0,
568,SHE'S GOT THE BEST TOP LINE IN THE BUSINESS,SHE'S GOT THE BEST TOPLINE IN THE BUSINESS,False,True,1,0,0,0,1,
569,SO I DON'T KNOW,SO I DON'T KNOW,True,True,0,0,0,0,0,
570,THAT'S WHAT YOU SAID,THAT'S WHAT YOU SAID,True,True,0,0,0,0,0,
571,IT'S JUST A NAME,IT'S JUST A NAME,True,False,0,0,0,0,0,
572,I'VE BEEN WAXED,I'VE BEEN WACKED,False,True,1,0,0,0,1,
573,TALK ABOUT SMART,TALK ABOUT SMART,True,False,0,0,0,0,0,
574,MY LITTLE BOY IS,MY LITTLE BOY IS,True,False,0,0,0,0,0,
575,I'M GETTING OLDER,I'M GETTING OLDER,True,False,0,0,0,0,0,
576,I'LL BE POPPING IN EACH EVENING,I'LL BE POPPING IN EACH EVENING,True,True,0,0,0,0,0,
577,BUT SHE'S NOT CONFUSED,BUT SHE'S NOT CONFUSED,True,True,0,0,0,0,0,
578,YOU NEED TO BE STRONG UP HERE,YOU NEED TO BE STRONG UP HERE,True,True,0,0,0,0,0,
579,MAKE SURE YOU NEVER GET DEPRESSED AGAIN,MAKE SURE YOU NEVER GET DEPRESSED AGAIN,True,True,0,0,0,0,0,
580,WITH BILLY NOT BEING YOURS,WITH BILLY NOT BEING YOURS,True,True,0,0,0,0,0,
581,WHEN IT COMES TO DESIGNING FABULOUS COSTUMES,WHEN IT COMES TO DESIGNING FABULOUS COSTUMES,True,True,0,0,0,0,0,
582,THEY ARE BATTLING TO BE CROWNED PRO CHALLENGE CHAMPION,THEY ARE BATTLING TO BE CROWNED PRO CHALLENGE CHAMPION,True,True,0,0,0,0,0,
583,THE PRIME MINISTER SLAPS HIM DOWN,THE PRIME MINISTER SLAPS HIM DOWN,True,True,0,0,0,0,0,
584,HOW BIG IS THAT,HOW BIG IS THAT,True,False,0,0,0,0,0,
585,SEPARATED FROM THAT,SEPARATED FROM THAT,True,False,0,0,0,0,0,
586,COMING IN ON THE OTHER SIDE,COMING IN ON THE OTHER SIDE,True,True,0,0,0,0,0,
587,WHAT DID YOU PUT IN THE MULLED WINE,WHAT DID YOU PUT IN THE MULLED WINE,True,True,0,0,0,0,0,
588,IT'S A TERRIBLE IDEA,IT'S A TERRIBLE IDEA,True,False,0,0,0,0,0,
589,YOU'VE REALLY MADE MY DAY,YOU'VE REALLY MADE MY DAY,True,True,0,0,0,0,0,
590,MEN WANT TO BE HIM,MEN WANT TO BE HIM,True,True,0,0,0,0,0,
591,HE ABSOLUTELY INSISTED ON WRITING HIS OWN INTRO,HE ABSOLUTELY INSISTED ON WRITING HIS OWN INTRO,True,False,0,0,0,0,0,
592,WITH FAMILY AND FRIENDS,WITH FAMILY AND FRIENDS,True,False,0,0,0,0,0,
593,IT'S ALL ABOUT THE STRICTLY PRO CHALLENGE,IT'S ALL ABOUT THE STRICTLY PROCHALLENGE,False,False,1,0,0,0,1,
594,THE SIX HIGHEST SCORING RUNNERS UP WILL QUALIFY,THE SIX HIGHEST SCORING RUNNERS UP WILL QUALIFY,True,False,0,0,0,0,0,
595,JUST BEFORE CHRISTMAS,JUST BEFORE CHRISTMAS,True,False,0,0,0,0,0,
596,I THINK SHE'S COMPLETELY BONKERS,I THINK SHE'S COMPLETELY BONKERS,True,True,0,0,0,0,0,
597,YOU ARE DYNAMIC,YOU ARE DYNAMIC,True,True,0,0,0,0,0,
598,IT'S ACTUALLY A SALSA,IT'S ACTUALLY A SALSA,True,False,0,0,0,0,0,
599,THE GARDEN OF ENGLAND,THE GARDEN OF ENGLAND,True,False,0,0,0,0,0,
600,YOU CAN GET A BETTER STRUCTURE,YOU CAN GET A BETTER STRUCTURE,True,True,0,0,0,0,0,
601,EVERY YEAR SINCE CHRISTMAS BEGAN,EVERY YEAR SINCE CHRISTMAS BEGAN,True,False,0,0,0,0,0,
602,WAY BACK IN THE EARLY,WAY BACK IN THE EARLY,True,True,0,0,0,0,0,
603,I ACTUALLY WANTED TO BE A HORSE,I ACTUALLY WANTED TO BE A HORSE,True,True,0,0,0,0,0,
604,USUALLY A BICYCLE,USUALLY A BICYCLE,True,False,0,0,0,0,0,
605,THROUGH THE ACCESSIBILITY TO THOSE CHILDREN,THROUGH THE ACCESSIBILITY TO THOSE CHILDREN,True,True,0,0,0,0,0,
606,LIKE MOST OTHER FORMS OF MODERN WARFARE,LIKE MOST OTHER FORMS OF MODERN WARFARE,True,False,0,0,0,0,0,
607,YOU DO LOVE YOUR DOLL,YOU DO LOVE YOUR DOLL,True,True,0,0,0,0,0,
608,THEY WERE INNOCENT AND CHARMING,THEY WERE INNOCENT AND CHARMING,True,False,0,0,0,0,0,
609,YOU WANT TO LOOK,YOU WANT TO LOOK,True,True,0,0,0,0,0,
610,OR IS IT THAT YOU ENJOY THOSE TOYS AND IT MAKES YOU INTO A DIFFERENT PERSON,OR IS IT THAT YOU ENJOY THOSE TOYS AND IT MAKES YOU INTO A DIFFERENT PERSON,True,True,0,0,0,0,0,
611,SPACE WAS STILL THE FINAL FRONTIER,SPACE WAS STILL THE FINAL FRONTIER,True,False,0,0,0,0,0,
612,IT LOOKS REALLY LIKE IT IS,IT LOOKS REALLY LIKE IT IS,True,False,0,0,0,0,0,
613,WHEN I GET HOME,WHEN I GET HOME,True,True,0,0,0,0,0,
614,THE BALL SHAPED ONE,THE BALL SHAPED ONE,True,True,0,0,0,0,0,
615,YOU SEE THAT PRESENT,YOU SEE THAT PRESENT,True,True,0,0,0,0,0,
616,SO WHAT HE DID TO GET ROUND THAT,SO WHAT HE DID TO GET ROUND THAT,True,True,0,0,0,0,0,
617,BUT IN THOSE DAYS,BUT IN THOSE DAYS,True,True,0,0,0,0,0,
618,IT BECOMES A FIRE ENGINE,IT BECOMES A FIRE ENGINE,True,False,0,0,0,0,0,
619,FOUR LITTLE TURTLES NAMED AFTER ITALIAN RENAISSANCE ARTISTS,FOUR LITTLE TURTLES NAMED AFTER ITALIAN RENAISSANCE ARTISTS,True,True,0,0,0,0,0,
620,SOME BURN BRIGHTLY FOR A YEAR OR TWO,SUMMER BRIGHTLY FOR A YEAR OR TWO,False,True,1,0,0,0,1,
621,IF YOU DIDN'T HAVE ONE,IF YOU DIDN'T HAVE ONE,True,True,0,0,0,0,0,
622,WHAT WAS ALL THAT ABOUT,WHAT WAS ALL THAT ABOUT,True,False,0,0,0,0,0,
623,ALREADY IN THE STATES,ALREADY IN THE STATES,True,True,0,0,0,0,0,
624,THE RIGHT PLACE,THE RIGHT PLACE,True,True,0,0,0,0,0,
625,NOTHING WRONG WITH THAT IDEA IN PRINCIPLE,NOTHING WRONG WITH THAT IDEA IN PRINCIPLE,True,True,0,0,0,0,0,
626,SAUSAGES IN BACON,SAUSAGES IN BACON,True,True,0,0,0,0,0,
627,CHRISTMAS PUDDING THAT NOBODY REALLY LIKES,CHRISTMAS PUDDING THAT NOBODY REALLY LIKES,True,False,0,0,0,0,0,
628,STICK SOME JAMES BOND ON,STICK SOME JAMES BOND ON,True,True,0,0,0,0,0,
629,THAT SOMEONE WAS GOING TO GET,THAT SOMEONE WAS GOING TO GET,True,True,0,0,0,0,0,
630,YOU CAN'T REALLY SAY,YOU CAN'T REALLY SAY,True,True,0,0,0,0,0,
631,NOT IN FRONT OF THE WHOLE FAMILY,NOT IN FRONT OF THE WHOLE FAMILY,True,True,0,0,0,0,0,
632,YOU UNFOLD THE BOARD,YOU UNFOLD THE BOARD,True,True,0,0,0,0,0,
633,IN VICTORIAN BRITAIN,INVICTORIAN BRITAIN,False,True,1,0,0,0,1,
634,ON THE ORDERS OF QUEEN VICTORIA,ON THE ORDERS OF QUEEN VICTORIA,True,False,0,0,0,0,0,
635,I THINK HE'S PERFECT,I THINK HE'S PERFECT,True,True,0,0,0,0,0,
636,WHEN IT COMES TO TOYS,WHEN IT COMES TO TOYS,True,True,0,0,0,0,0,
637,MAYBE NOT URANIUM,MAYBE NOT URIANIA,False,True,1,0,0,0,1,
638,BUT I LIKE TO SEE IT,BUT I LIKE TO SEE IT,True,True,0,0,0,0,0,
639,WE LIKE TO REMINISCE,WE LIKE TO REMINISCE,True,True,0,0,0,0,0,
640,THIS REALLY MAKES US THINK,THIS REALLY MAKES US THINK,True,False,0,0,0,0,0,
641,MAYBE THERE'S AN EXTENSIVE PATTERN,MAYBE THERE'S AN EXTENSIVE PATTERN,True,True,0,0,0,0,0,
642,WHEN THE ARCHAEOLOGISTS GOT TO WORK,WHEN THE ARCHAEOLOGISTS GOT TO WORK,True,True,0,0,0,0,0,
643,I'M TRYING NOT TO GET CARRIED AWAY,I'M TRYING NOT TO GET CARRIED AWAY,True,True,0,0,0,0,0,
644,IT REALLY WAS THAT BAD,IT REALLY WAS THAT BAD,True,False,0,0,0,0,0,
645,THEY WILL NOT DO,THEY WILL NOT DO,True,True,0,0,0,0,0,
646,LET'S TAKE A LOOK BEHIND THE SCENES AT HOW IT ALL CAME,LET'S TAKE A LOOK BEHIND THE SCENES AT HOW IT ALL CAME,True,False,0,0,0,0,0,
647,TIME NOW FOR OUR NEXT GUEST,TIME NOW FOR OUR NEXT GUEST,True,True,0,0,0,0,0,
648,OVER THE LAST 12 YEARS,OVER THE LAST 12 YEARS,True,True,0,0,0,0,0,
649,WHY SHOW ME THIS,WHY SHOW ME THIS,True,True,0,0,0,0,0,
650,I'M ON THE CASE,I'M ON THE CASE,True,False,0,0,0,0,0,
651,EVEN CHRISTMAS DAY,EVEN CHRISTMAS DAY,True,True,0,0,0,0,0,
652,BUT TOWARDS THE END,BUT TOWARDS THE END,True,True,0,0,0,0,0,
653,HE HAS NOT HELD BACK ANYTHING,HE HAS NOT HELD BACK ANYTHING,True,True,0,0,0,0,0,
654,BUT IT WAS SO DISCONCERTINGLY CALM IN THE STUDIO,BUT IT WAS SO DISCONCERTINGLY COME IN THE STUDIO,False,True,1,0,0,0,1,
655,HERE TO REVEAL THE SECRET TO GETTING YOUR HANDS ON THE TROPHY,HERE TO REVEAL THE SECRET TO GETTING YOUR HANDS ON THE TROPHY,True,True,0,0,0,0,0,
656,I SHOULDN'T SAY THOSE THINGS,I SHOULDN'T SAY THOSE THINGS,True,True,0,0,0,0,0,
657,WHAT ELSE CAN I BE,WHAT ELSE CAN I BE,True,True,0,0,0,0,0,
658,NOT WELL DRESSED,NOT WELL DRESSED,True,True,0,0,0,0,0,
659,SHE IS MARRIED NOW,SHE IS MARRIED NOW,True,False,0,0,0,0,0,
660,BEST AND HAPPIEST OF ALL,BEST AND HAPPIEST OF ALL,True,False,0,0,0,0,0,
661,THE TIME BEFORE HIM WAS HIS OWN,THE TIME BEFORE HIM WAS HIS OWN,True,True,0,0,0,0,0,
662,IT SOUNDS VERY GOOD,IT SOUNDS VERY GOOD,True,True,0,0,0,0,0,
663,SHE'S DEPRESSED ABOUT DADDY,SHE'S DEPRESSED ABOUT DADDY,True,False,0,0,0,0,0,
664,NOW YOU LISTEN TO ME,NOW YOU LISTEN TO ME,True,True,0,0,0,0,0,
665,EVERY WEEK HE COMES OUT,EVERY WEEK HE COMES OUT,True,True,0,0,0,0,0,
666,THE RIVALRY AND ALL THAT,THE RIVALRY AND ALL THAT,True,False,0,0,0,0,0,
667,LEAVE THAT TO ME,LEAVE THAT TO ME,True,True,0,0,0,0,0,
668,BUT FOR ALL THAT,BUT FOR ALL THAT,True,True,0,0,0,0,0,
669,I'D LIKE TO HELP YOU,I'D LIKE TO HELP YOU,True,True,0,0,0,0,0,
670,I DON'T WANT TO RESIGN,I DON'T WANT TO RESIGN,True,True,0,0,0,0,0,
671,WHICH IS INCREDIBLE,WHICH IS INCREDIBLE,True,True,0,0,0,0,0,
672,I HAD NO IDEA HOW MUCH,I HAD NO IDEA HOW MUCH,True,True,0,0,0,0,0,
673,SO LET'S FIND OUT WHO THAT WILL BE,SO LET'S FIND OUT WHO THAT WILL BE,True,True,0,0,0,0,0,
674,SOME DECENT SCORES,SOME DECENT SCORES,True,True,0,0,0,0,0,
675,THE PERFECT HOUSE,THE PERFECT HOUSE,True,False,0,0,0,0,0,
676,THE PERFECT FAMILY,THE PERFECT FAMILY,True,False,0,0,0,0,0,
677,THE FIRST MUSLIM WOMAN TO SERVE AS A CABINET MINISTER,THE FIRST MUSLIM WOMAN TO SERVE AS A CABINET MINISTER,True,True,0,0,0,0,0,
678,IT'S NOT THE MIDDLE AGES,IT'S NOT THE MIDDLE AGES,True,True,0,0,0,0,0,
679,HE DOESN'T OWN ME,HE DOESN'T OWN ME,True,False,0,0,0,0,0,
680,IT WAS ACTUALLY EXTREMELY WELL PLACED,IT WAS ACTUALLY EXTREMELY WELL PLACED,True,False,0,0,0,0,0,
681,PLEASE DON'T TRY TO VOTE IF YOU'RE WATCHING ON DEMAND,PLEASE DON'T TRY TO VOTE IF YOU'RE WATCHING ON DEMAND,True,True,0,0,0,0,0,
682,TENSION AND EMOTION,TENSION AND EMOTION,True,False,0,0,0,0,0,
683,AND IT'S PERFECT FOR TONIGHT,AND IT'S PERFECT FOR TONIGHT,True,True,0,0,0,0,0,
684,CAN THEY IMPROVE ON THAT SCORE AND POSSIBLY RUN AWAY WITH THE TROPHY,CAN THEY IMPROVE ON THAT SCORE AND POSSIBLY RUN AWAY WITH THE TROPHY,True,True,0,0,0,0,0,
685,THAT WAS WITHIN BUDGET,THAT WAS WITHIN BUDGET,True,False,0,0,0,0,0,
686,THE RISE OF MAY,THE RISE OF MAY,True,False,0,0,0,0,0,
687,PROPER STREET FOOD IS GREAT,PROPER STREET FOOD IS GREAT,True,True,0,0,0,0,0,
688,IF YOU CAN HAVE SEX,IF YOU CAN HAVE SEX,True,True,0,0,0,0,0,
689,TICKETS FOR THE MATCH,TICKETS FOR THE MATCH,True,True,0,0,0,0,0,
690,IT'S NOT A CAREER,IT'S NOT A CAREER,True,True,0,0,0,0,0,
691,FAME AND FORTUNE,FAME AND FORTUNE,True,False,0,0,0,0,0,
692,I'M NOT AFRAID OF BEING CHALLENGED,I'M NOT AFRAID OF BEING CHALLENGED,True,True,0,0,0,0,0,
693,THERE'S NO WRONG WAY,THERE'S NO WRONG WAY,True,True,0,0,0,0,0,
694,IT SEEMED TO BE,IT SEEMED TO BE,True,True,0,0,0,0,0,
695,I DO MISS IT A LITTLE BIT,I DO MISS IT A LITTLE BIT,True,True,0,0,0,0,0,
696,THIS IS ALL YOU,THIS IS ALL YOU,True,True,0,0,0,0,0,
697,BEFORE YOU KNOW IT,BEFORE YOU KNOW IT,True,True,0,0,0,0,0,
698,YOU GO TO BED WITH IT,YOU GO TO BED WITH IT,True,True,0,0,0,0,0,
699,AND YOUR FAMILY AND YOUR KIDS AND YOUR OTHER JOBS,AND YOUR FAMILY AND YOUR KIDS AND YOUR OTHER JOBS,True,False,0,0,0,0,0,
700,THAT WAS AMAZING,THAT WAS AMAZING,True,False,0,0,0,0,0,
701,THE LONGER YOU STAY IN,THE LONGER YOU STAY IN,True,True,0,0,0,0,0,
702,BECAUSE YOU WORK SO HARD,BECAUSE YOU WORK SO HARD,True,True,0,0,0,0,0,
703,IF YOU GO WRONG,IF YOU GO WRONG,True,True,0,0,0,0,0,
704,GO ABOUT TELLING HIM THAT,GO ABOUT TELLING HIM THAT,True,True,0,0,0,0,0,
705,FOR GOOD REASONS AND BAD REASONS,FOR GOOD REASONS AND BAD REASONS,True,True,0,0,0,0,0,
706,IF THEY START FROM HERE,IF THEY START FROM HERE,True,True,0,0,0,0,0,
707,OBSESSED WITH THIS SHOW,OBSESSED WITH THIS SHOW,True,False,0,0,0,0,0,
708,IF I HAD MY WAY,IF I HAD MY WAY,True,True,0,0,0,0,0,
709,IF WE HAVE A LITTLE ARGUMENT,IF WE HAVE A LITTLE ARGUMENT,True,True,0,0,0,0,0,
710,SO WHEN HE GETS GRUMPY IT'S LIKE,SO WHEN HE GETS GRUMPY IT'S LIKE,True,True,0,0,0,0,0,
711,LET'S SAY FOR EXAMPLE,LET'S SAY FOR EXAMPLE,True,True,0,0,0,0,0,
712,I'M SURE YOU CAN IMAGINE,I'M SURE YOU CAN IMAGINE,True,True,0,0,0,0,0,
713,SHE IS HYSTERICAL,SHE IS HYSTERICAL,True,False,0,0,0,0,0,
714,VERY HIGH LEVEL,VERY HIGH LEVEL,True,True,0,0,0,0,0,
715,GOING ALL OVER THE WORLD,GOING ALL OVER THE WORLD,True,False,0,0,0,0,0,
716,PEOPLE ARE HAPPY TO BE THERE AND IT'S A GOOD VIBE,PEOPLE ARE HAPPY TO BE THERE AND IT'S A GOOD VIBE,True,True,0,0,0,0,0,
717,EVERYWHERE YOU TURN,EVERYWHERE YOU TURN,True,True,0,0,0,0,0,
718,BECAUSE THEY'VE GOT TO,BECAUSE THEY'VE GOT TO,True,True,0,0,0,0,0,
719,JUST WORKING WITH HIM EVERY WEEK IS SUCH A TREAT,JUST WORKING WITH HIM EVERY WEEK IS SUCH A TREAT,True,True,0,0,0,0,0,
720,WHICH WAS QUITE AMUSING,WHICH WAS QUITE AMUSING,True,True,0,0,0,0,0,
721,THAT'S A PICKLED WALNUT,THAT'S A PICKLED WALNUT,True,False,0,0,0,0,0,
722,YOU HAVE TO GO AND BUY BISCUITS,YOU HAVE TO GO AND BUY BISCUITS,True,True,0,0,0,0,0,
723,THEY ALL CAME AND WENT,THEY ALL CAME AND WENT,True,False,0,0,0,0,0,
724,IT DIDN'T SURVIVE,IT DIDN'T SURVIVE,True,False,0,0,0,0,0,
725,SO YOU SHOULD BE,SO YOU SHOULD BE,True,True,0,0,0,0,0,
726,RIGHT ON THE FRONT,RIGHT ON THE FRONT,True,True,0,0,0,0,0,
727,TWICE DURING THE FIRST WORLD WAR,TWICE DURING THE FIRST WORLD WAR,True,True,0,0,0,0,0,
728,SHE NEVER LET ON,SHE NEVER LET ON,True,False,0,0,0,0,0,
729,SO YOU KNOW WHO HE REALLY IS,SO YOU KNOW WHO HE REALLY IS,True,True,0,0,0,0,0,
730,THIS COULD BE A FIRST CLASS ROUTINE,THIS COULD BE A FIRST CLASS ROUTINE,True,True,0,0,0,0,0,
731,EVERYONE ON THE SHOW REALLY,EVERYONE ON THE SHOW REALLY,True,False,0,0,0,0,0,
732,WITH WHITE CHRISTMAS,WITH WHITE CHRISTMAS,True,True,0,0,0,0,0,
733,ALTHOUGH I CAN'T IMAGINE WHY,ALTHOUGH I CAN'T IMAGINE WHY,True,True,0,0,0,0,0,
734,BECAUSE I JUST WANT TO HELP,BECAUSE I JUST WANT TO HELP,True,True,0,0,0,0,0,
735,PROJECT MANAGEMENT IS REALLY MY SPECIALIST AREA,PROJECT MANAGEMENT IS REALLY MY SPECIALIST AREA,True,False,0,0,0,0,0,
736,TO BE COMPLETELY HONEST,TO BE COMPLETELY HONEST,True,True,0,0,0,0,0,
737,THE SHEER SIZE AND POWER CAN BE INTIMIDATING,THE SHEER SIZE AND POWER CAN BE INTIMIDATING,True,True,0,0,0,0,0,
738,BUT THERE WAS EVEN BETTER NEWS,BUT THERE WAS EVEN BETTER NEWS,True,True,0,0,0,0,0,
739,REPRESENTED BY THIS BUNCH OF BANANAS,REPRESENTED BY THIS BUNCH OF BANANAS,True,True,0,0,0,0,0,
740,IT'S DOWN TO OUR BRAIN GETTING THINGS WRONG,IT'S DOWN TO OUR BRAIN GETTING THINGS WRONG,True,True,0,0,0,0,0,
741,HE WAS ABOUT TO FIND OUT,HE WAS ABOUT TO FIND OUT,True,True,0,0,0,0,0,
742,THE FORCES OF NATURE SEPARATE OUT,THE FORCES OF NATURE SEPARATE OUT,True,False,0,0,0,0,0,
743,NEUTRONS AND ELECTRONS,NUTRONS AND ELECTRONS,False,False,1,0,0,0,1,
744,BUT WHEN YOU OPEN THE BOX,BUT WHEN YOU OPEN THE BOX,True,True,0,0,0,0,0,
745,THAT'S NOT RIGHT,THAT'S NOT RIGHT,True,True,0,0,0,0,0,
746,IN THIS UNIVERSE,IN THIS UNIVERSE,True,True,0,0,0,0,0,
747,AND IT MIGHT SEEM RIDICULOUS,AND IT MIGHT SEEM RIDICULOUS,True,False,0,0,0,0,0,
748,12 MILES IN DIAMETER,12 MILES IN DIAMETER,True,True,0,0,0,0,0,
749,STRETCHING BACK 3,STRETCHING BACK THREE,False,False,1,0,0,0,1,
750,STAGGERING ON THE EDGE OF SPACE,STAGGERING ON THE EDGE OF SPACE,True,False,0,0,0,0,0,
751,PONDERING THE IMMENSITY,PONDERING THE IMMANENCE,False,False,1,0,0,0,1,
752,WE LIVE IN A TINY,WE LIVE IN A TINY,True,True,0,0,0,0,0,
753,YOU THINK I DID THIS,YOU THINK I DID THIS,True,True,0,0,0,0,0,
754,IT'S ALL ABOUT RARITY,IT'S ALL ABOUT RETIREMENT,False,False,1,0,0,0,1,
755,AS OPPOSED TO CHINESE,AS OPPOSED TO CHINESE,True,True,0,0,0,0,0,
756,BUT I COULDN'T BELIEVE IT WOULD BE TRUE,BUT I COULDN'T BELIEVE IT WOULD BE TRUE,True,True,0,0,0,0,0,
757,IF YOU'VE GOT A GOOD STORY,IF YOU'VE GOT A GOOD STORY,True,True,0,0,0,0,0,
758,AND THE MAN WHO MADE THE DISCOVERY,AND THE MAN WHO MADE THE DISCOVERY,True,True,0,0,0,0,0,
759,BUT EVERYONE GOING INTO THE DEN GETS A FRESH CHANCE TO TURN THINGS ROUND,BUT EVERYONE GOING INTO THE DEN GETS A FRESH CHANCE TO TURN THINGS ROUND,True,True,0,0,0,0,0,
760,YOU JUST HAVE TO GRAB AN OPPORTUNITY WHEN IT PRESENTS ITSELF,YOU JUST HAVE TO GRAB AN OPPORTUNITY WHEN IT PRESENTS ITSELF,True,True,0,0,0,0,0,
761,BUT SLIGHTLY REBELLIOUS SOCKS,BUT SLIGHTLY REBELLIOUS SAX,False,True,1,0,0,0,1,
762,DON'T FORGET THAT SCARECROW,DON'T FORGET THAT SCARCROW,False,False,1,0,0,0,1,
763,MAYBE TO SOMEWHERE NICE AND SAFE,MAYBE TO SOMEWHERE NICE AND SAFE,True,True,0,0,0,0,0,
764,I'M NOT SURE WHAT'S THE MOST DIFFICULT THING TO GET RIGHT,I'M NOT SURE WHAT'S THE MOST DIFFICULT THING TO GET RIGHT,True,True,0,0,0,0,0,
765,GARDENS NEVER FINISH,GARDENS NEVER FINISH,True,False,0,0,0,0,0,
766,YOU SHOULD NEVER BE PUT OFF,YOU SHOULD NEVER BE PUT OFF,True,True,0,0,0,0,0,
767,PEOPLE GETTING IN TOUCH AND WANTING TO RECTIFY WRONGS,PEOPLE GETTING IN TOUCH AND WANTING TO WRECK A FIRE ONGS,False,True,2,0,0,0,2,
768,THERE ARE TIMES I LIKE TO LISTEN TO BANANARAMA,THERE ARE TIMES I LIKE TO LISTEN TO BANANARAMA,True,True,0,0,0,0,0,
769,AND YET THAT AND FISH AND CHIPS,AND YET THAT AND FISH AND CHIPS,True,False,0,0,0,0,0,
770,LET'S JUST CALM DOWN,LET'S JUST CALM DOWN,True,False,0,0,0,0,0,
771,THE DAY JUST GOT WEIRDER AND WEIRDER,THE DAY JUST GOT WEIRD AND WEIRDER,False,True,1,0,0,0,1,
772,BACK TO THE HISTORY BOOKS,BACK TO THE HISTORY BOOKS,True,True,0,0,0,0,0,
773,IT'S PRACTICALLY A VEGETARIAN,IT'S PRACTICALLY A VEGETARIAN,True,False,0,0,0,0,0,
774,HOW DOES THE PLANT ATTRACT THE BAT,HOW DOES THE PLANT ATTRACT THE BAT,True,True,0,0,0,0,0,
775,THE BAT BENEFITS,THE BAT BENEFITS,True,True,0,0,0,0,0,
776,IT'S ALSO COME UP WITH A STRUCTURE THAT ACTS AS AN ADVERTISEMENT WHICH SAYS,IT'S ALSO COME UP WITH A STRUCTURE THAT ACTS AS AN ADVERTISMENT WHICH SAYS,False,True,1,0,0,0,1,
777,THIS IS THE BEST BAT HOTEL IN TOWN,THIS IS THE BEST BAT HOTEL IN TOWN,True,True,0,0,0,0,0,
778,THAT'S WHY I GET UP IN THE MORNING,THAT'S WHY I GET UP IN THE MORNING,True,True,0,0,0,0,0,
779,ALL IN THE GLARE OF THE SPOTLIGHT,ALL IN THE GLARE OF THE SPOTLIGHT,True,True,0,0,0,0,0,
780,SO WHAT DID YOU DO BEFORE,SO WHAT DID YOU DO BEFORE,True,True,0,0,0,0,0,
781,BUT YOU HAVE TO GO,BUT YOU HAVE TO GO,True,True,0,0,0,0,0,
782,AND SHE WAS BEING INTERVIEWED BY THE AMERICAN JOURNALISTS,AND SHE WAS BEING INTERVIEWED BY THE AMERICAN JOURNALISTS,True,True,0,0,0,0,0,
783,IN ALL SERIOUSNESS,IN ALL SERIOUSNESS,True,True,0,0,0,0,0,
784,WE DID A DIFFERENT VERSION OF THINGS AND THEN,WE DID A DIFFERENT VERSION OF THINGS AND THEN,True,True,0,0,0,0,0,
785,AND THEN TURNED TO ME AND SAID,AND THEN TURNED TO ME AND SAID,True,True,0,0,0,0,0,
786,I HADN'T THOUGHT THAT,I HADN'T THOUGHT THAT,True,True,0,0,0,0,0,
787,PLAYED BY JIM BROADBENT,PLAYED BY JIM BROADBENT,True,True,0,0,0,0,0,
788,EVERY TWO WEEKS,EVERY TWO WEEKS,True,True,0,0,0,0,0,
789,THAT'S WHAT THEY DO,THAT'S WHAT THEY DO,True,True,0,0,0,0,0,
790,BEFORE WE BEGIN,BEFORE WE BEGIN,True,True,0,0,0,0,0,
791,AND ON THIS FATEFUL EVENING,AND ON THIS FATEFUL EVENING,True,False,0,0,0,0,0,
792,I DON'T BELIEVE IN FAIRIES,I DON'T BELIEVE IN FAIRIES,True,True,0,0,0,0,0,
793,THEN WE MUST RESCUE HER,THEN WE MUST RESCUE HER,True,True,0,0,0,0,0,
794,AND WITH STEALTH,AND WITH STELLA,False,False,1,0,0,0,1,
795,HE MADE A MOVE ON ME,HE MADE A MOVE ON ME,True,True,0,0,0,0,0,
796,WE'VE NOT DISCUSSED IT,WE'VE NOT DISCUSSED IT,True,True,0,0,0,0,0,
797,AND WE RUN LOVE,AND WE RUN LOVE,True,True,0,0,0,0,0,
798,HOW DO I CHOOSE THIS,HOW DO I CHOOSE THIS,True,True,0,0,0,0,0,
799,WE'VE GOT 24 CHARACTERS,WE'VE GOT 24 CHARACTERS,True,False,0,0,0,0,0,
800,FOLLOWING THOSE WORDS,FOLLOWING THOSE WORDS,True,False,0,0,0,0,0,
801,I THINK YOU DESERVE,I THINK YOU DESERVE,True,True,0,0,0,0,0,
802,A STRIKING CONTRAST,A STRIKING CONTRAST,True,False,0,0,0,0,0,
803,VERY SIMILAR TO FISHING,VERY SIMILAR TO FISHING,True,True,0,0,0,0,0,
804,IT'S LIKE LOOKING AT ART,IT'S LIKE LOOKING AT ART,True,False,0,0,0,0,0,
805,IT MIGHT BE CONCEPTUAL,IT MIGHT BE CONCEPTUAL,True,True,0,0,0,0,0,
806,HERE'S SOME IDEAS,HERE'S SOME IDEAS,True,True,0,0,0,0,0,
807,A PLACE WHICH IS HARD TO LIVE,A PLACE WHICH IS HARD TO LIVE,True,True,0,0,0,0,0,
808,AND THE FARMERS OPENING IT UP,AND THE FARMERS OPENING IT UP,True,False,0,0,0,0,0,
809,SO WHEN THE FARMERS COME,SO WHEN THE FARMERS COME,True,True,0,0,0,0,0,
810,THERE'S MORE WOODLAND,THERE'S MORE WOODLAND,True,True,0,0,0,0,0,
811,DON'T TELL ANYONE,DON'T TELL ANYONE,True,False,0,0,0,0,0,
812,WE HAVE NO MORE MONEY,WE HAVE NO MORE MONEY,True,True,0,0,0,0,0,
813,WE ARE THE CRIMINALS,WE ARE THE CRIMINALS,True,True,0,0,0,0,0,
814,NO MORE SUICIDE BOMBERS,NO MORE SUICIDE BOMBERS,True,True,0,0,0,0,0,
815,THAT'S ACCORDING TO THE POLICE WATCHDOG,THAT'S ACCORDING TO THE POLICE WATCHDOG,True,True,0,0,0,0,0,
816,THE QUEEN MARY AND THE QUEEN ELIZABETH,THE QWEEN MARY AND THE QUEEN ELIZABETH,False,True,1,0,0,0,1,
817,ITS DESIGN VALUES,ITS DESIGN VALUES,True,False,0,0,0,0,0,
818,THEY WERE IN THE MINORITY,THEY WERE IN THE MINORITY,True,True,0,0,0,0,0,
819,500 TONS OF OCEAN LINER,500 TONS OF OCEAN LINER,True,True,0,0,0,0,0,
820,ONE OF THE ARTICLES HERE IS ABOUT THE QUEEN ELIZABETH,ONE OF THE ARTICLES HERE IS ABOUT THE QUEEN ELIZABETH,True,True,0,0,0,0,0,
821,THE JOB WAS DONE,THE JOB WAS DONE,True,True,0,0,0,0,0,
822,FLOWERS AND EVEN VEGETABLES,FLOWERS AND EVEN VEGETABLES,True,False,0,0,0,0,0,
823,FOR SOMETHING COMPLETELY DIFFERENT,FOR SOMETHING COMPLETELY DIFFERENT,True,True,0,0,0,0,0,
824,WHEN IT COMES TO PUBLICITY,WHEN IT COMES TO PUBLICITY,True,True,0,0,0,0,0,
825,HOW GREAT IS THIS,HOW GREAT IS THIS,True,False,0,0,0,0,0,
826,I JUST LOVE THAT,I JUST LOVE THAT,True,True,0,0,0,0,0,
827,THEY WERE FRIENDS,THEY WERE FRIENDS,True,False,0,0,0,0,0,
828,TO BE A SUCCESSFUL ENTREPRENEUR,TO BE A SUCCESSFUL ENTREPRENEUR,True,True,0,0,0,0,0,
829,I JUST DON'T GET IT,I JUST DON'T GET IT,True,True,0,0,0,0,0,
830,AND I THINK THIS IS ONE,AND I THINK THIS IS ONE,True,True,0,0,0,0,0,
831,IT'LL MEAN MORE MATCHES,IT'LL MEAN MORE MATCHES,True,True,0,0,0,0,0,
832,AND MORE MONEY FOR FIFA,AND MORE MONEY FOR NHS,False,True,1,0,0,0,1,
833,PLEASED WITH HIMSELF,PLEASED WITH HIMSELF,True,False,0,0,0,0,0,
834,SERBIA IS PANDEMONIUM LET LOOSE,SERBIA IS PANDEMONIUM LET LOOSE,True,False,0,0,0,0,0,
835,THERE ARE NO RECORDINGS OF LLOYD GEORGE AT THE PEAK OF HIS POWERS,THERE ARE NO RECORDINGS OF LOYD GEORGE AT THE PEAK OF HIS POWERS,False,True,1,0,1,0,0,
836,WHICH WAS THE MASS NEWSPAPER,WHICH WAS THE MASS NEWSPAPER,True,True,0,0,0,0,0,
837,AND HE WAS VERY DEVOTED TO HIS CHILDREN,AND HE WAS VERY DEVOTED TO HIS CHILDREN,True,True,0,0,0,0,0,
838,AND WOULD EVENTUALLY MARRY HER AFTER HIS WIFE,AND WOULD EVENTUALLY MARRY HER AFTER HIS WIFE,True,True,0,0,0,0,0,
839,WITH THAT FLOURISH,WITH THAT FLURRY,False,False,1,0,0,0,1,
840,WHAT YOU NEED TO DO IS GET THE VERY BEST BRAINS,WHAT YOU NEED TO DO IS GET THE VERY BEST BRAINS,True,True,0,0,0,0,0,
841,THE VERY BEST TALENTS,THE VERY BEST TALENTS,True,True,0,0,0,0,0,
842,THE MOST ENERGETIC PEOPLE IN,THE MOST ENERGETIC PEOPLE IN,True,True,0,0,0,0,0,
843,BECAUSE THE EMPIRE,BECAUSE THE EMPIRE,True,False,0,0,0,0,0,
844,IT'S OFTEN FORGOTTEN,IT'S OFTEN FORGOTTEN,True,False,0,0,0,0,0,
845,WHICH IS ABSOLUTELY UNDERSTANDABLE,WHICH IS ABSOLUTELY UNDERSTANDABLE,True,True,0,0,0,0,0,
846,HE HOPED TO RETURN TO POWER,HE HOPED TO RETURN TO POWER,True,True,0,0,0,0,0,
847,WOULD NOT BE A HAPPY PLACE,WOULD NOT BE A HAPPY PLACE,True,True,0,0,0,0,0,
848,DEPENDED ON TRADE,DEPENDED ON TRADE,True,False,0,0,0,0,0,
849,MY GREAT GREAT GRANDFATHER,MY GREAT GREAT GRANDFATHER,True,False,0,0,0,0,0,
850,MUCH MORE DRIVEN,MUCH MORE DRIVEN,True,True,0,0,0,0,0,
851,IF IT GIVES ME SOME SORT OF CONTROL BACK,IF IT GIVES ME SOME SORT OF CONTROL BACK,True,True,0,0,0,0,0,
852,WITH STRONG WINDS,WITH STRONG WINDS,True,False,0,0,0,0,0,
853,I DON'T REMEMBER THAT HAPPENING BEFORE,I DON'T REMEMBER THAT HAPPENING BEFORE,True,True,0,0,0,0,0,
854,BY SOME MIRACLE,BUY SOME MIRACLE,False,True,1,0,1,0,0,
855,COMES FROM ONE OF THE MOST BEAUTIFUL PARTS OF THE WORLD,COMES FROM ONE OF THE MOST BEAUTIFUL PARTS OF THE WORLD,True,True,0,0,0,0,0,
856,IT'S NOT A MASSIVE SUM OF MONEY,IT'S NOT A MASSIVE SUM OF MONEY,True,True,0,0,0,0,0,
857,I WOULDN'T SAY I'M A STAR,I WOULDN'T SAY I'M A STAR,True,True,0,0,0,0,0,
858,MANCHESTER UNITED FANS,MANCHESTER UNITED FANS,True,False,0,0,0,0,0,
859,SET UP BY THE GOVERNMENT,SET UP BY THE GOVERNMENT,True,True,0,0,0,0,0,
860,IT WAS A BRUTAL EXPERIENCE,IT WAS A BRUTAL EXPERIENCE,True,False,0,0,0,0,0,
861,MANY PEOPLE DID SLIP AND FALL AND BREAK A LEG,MANY PEOPLE DID SLIP AND FALL AND BREAK A LEG,True,True,0,0,0,0,0,
862,THEY KEPT LIVING,THEY KEPT LIVING,True,False,0,0,0,0,0,
863,AND IN THE MORNING,AND IN THE MORNING,True,True,0,0,0,0,0,
864,IN EXACT DETAIL,IN EXACT DETAIL,True,True,0,0,0,0,0,
865,AND THE SECOND GENERATION,AND THE SECOND GENERATION,True,False,0,0,0,0,0,
866,BEEN INTENSELY SAD,BEEN INTENSELY SAD,True,True,0,0,0,0,0,
867,AND ALL THE SURVIVORS OF THE HOLOCAUST,AND ALL THE SURVIVORS OF THE HOLOCAUST,True,False,0,0,0,0,0,
868,WITH THEIR DATABASE,WITH THEIR DATA BASE,False,True,1,0,0,0,1,
869,GET A NEW LOYAL CUSTOMER AND DEBENHAMS,GET A NEW LOYAL CUSTOMER AND DEBINOMES,False,True,1,0,0,0,1,
870,AS LONG AS THEY SEE THE SPARK OF SUCCESS,AS LONG AS THEY SEE THE SPARK OF SUCCESS,True,True,0,0,0,0,0,
871,THERE WAS A STONE CIRCLE HERE,THERE WAS A STONE CIRCLE HERE,True,True,0,0,0,0,0,
872,THAT IS A SOLD SOUND,THAT IS A SOLD SOUND,True,False,0,0,0,0,0,
873,THERE'S PLENTY TO INDULGE IN,THERE'S PLENTY TO INDULGE IN,True,True,0,0,0,0,0,
874,SHE WAS STRUGGLING,SHE WAS STRUGGLING,True,False,0,0,0,0,0,
875,WHEN HE WENT TO LOOK FOR HER,WHEN HE WENT TO LOOK FOR HER,True,True,0,0,0,0,0,
876,25 YEARS TO COMPLETE,25 YEARS TO COMPLETE,True,True,0,0,0,0,0,
877,SHE WILL BE VERY PLEASED,SHE WILL BE VERY PLEASED,True,True,0,0,0,0,0,
878,BECAUSE THERE WAS NO ROLE MODEL,BECAUSE THERE WAS NO ROLE MODEL,True,True,0,0,0,0,0,
879,ONE MALE OFFICIAL COMMENTED,ONE MALE OFFICIAL COMMENTED,True,True,0,0,0,0,0,
880,BUT DESPITE ALL THIS,BUT DESPITE ALL THIS,True,True,0,0,0,0,0,
881,THEY CARRIED ON COMPETING,THEY CARRIED ON COMPETING,True,False,0,0,0,0,0,
882,BUT DESPITE ALL THIS,BUT DESPITE ALL THIS,True,True,0,0,0,0,0,
883,IF YOU WANT TO EXPERIENCE SOME OF THAT,IF YOU WANT TO EXPERIENCE SOME OF THAT,True,True,0,0,0,0,0,
884,INCLUDING A BABY,INCLUDING A BABY,True,False,0,0,0,0,0,
885,THIS IS A SEMIFINAL,THIS IS A SEMIFINAL,True,False,0,0,0,0,0,
886,I'M SORRY THAT DOESN'T MEET WITH YOUR APPROVAL,I'M SORRY THAT DOESN'T MEET WITH YOUR APPROVAL,True,True,0,0,0,0,0,
887,I'M NOT HAVING A GO AT YOU,I'M NOT HAVING A GO AT YOU,True,True,0,0,0,0,0,
888,I'M JUST SAYING THAT DENISE BROUGHT ME UP,I'M JUST SAYING THAT DENISE BROUGHT ME UP,True,False,0,0,0,0,0,
889,WE HAD NO MONEY,WE HAD NO MONEY,True,True,0,0,0,0,0,
890,WHEN YOU CAME BACK,WHEN YOU CAME BACK,True,True,0,0,0,0,0,
891,THAT'S WHY I'M LOSING MY VOICE,THAT'S WHY I'M LOSING MY VOICE,True,True,0,0,0,0,0,
892,IS IN THE DRYING,IS IN THE DRYING,True,True,0,0,0,0,0,
893,RIGHT IN FRONT OF ME,RIGHT IN FRONT OF ME,True,True,0,0,0,0,0,
894,WE TALKED ABOUT IT,WE TALKED ABOUT IT,True,True,0,0,0,0,0,
895,I HONESTLY DON'T KNOW WHAT TO DO,HONESTLY DON'T KNOW WHAT TO DO,False,True,0,0,0,0,0,
896,JUDGING BY WHAT I SAW TODAY,JUDGING BY WHAT I SAW TODAY,True,True,0,0,0,0,0,
897,SOME GOT WHAT THEY WANT,SOME GOT WHAT THEY WANT,True,True,0,0,0,0,0,
898,GET DOWN TO YOUR LOCAL ONE,GET DOWN TO YOUR LOCAL ONE,True,True,0,0,0,0,0,
899,HAVE YOU GOT IT,HAVE YOU GOT IT,True,True,0,0,0,0,0,
900,YOU BETTER STAY WELL AWAY FROM ME,YOU BETTER STAY WELL AWAY FROM ME,True,True,0,0,0,0,0,
901,THAT I'LL BE OK,THAT I'LL BE OK,True,True,0,0,0,0,0,
902,WE NEED TO DO SOMETHING BIGGER,WE NEED TO DO SOMETHING BIGGER,True,True,0,0,0,0,0,
903,TRYING TO BRING THEM DOWN OVER THE CENTURIES,TRYING TO BRING THEM DOWN OVER THE CENTURIES,True,True,0,0,0,0,0,
904,BUT YOU DON'T NEED TO WORRY,BUT YOU DON'T NEED TO WORRY,True,True,0,0,0,0,0,
905,THE EXPERTS DON'T KNOW WHAT CAUSED IT,THE EXPERTS DON'T KNOW WHAT CAUSED IT,True,True,0,0,0,0,0,
906,THE FATHER DIED FIVE YEARS AGO,THE FATHER DIED FIVE YEARS AGO,True,True,0,0,0,0,0,
907,IT'S ALL ABOUT MYTH MAKING,IT'S ALL ABOUT MYTH MAKING,True,False,0,0,0,0,0,
908,COME TO MY ROOM,COME TO MY ROOM,True,True,0,0,0,0,0,
909,AS THE MORNING SPREAD UPON THE MOUNTAINS,AS THE MORNING SPREAD UP ON THE MOUNTAINS,False,True,1,0,0,0,1,
910,WITH PEOPLE WITHOUT CREATING,WITH PEOPLE WITHOUT CREATING,True,False,0,0,0,0,0,
911,WITH OTHER PEOPLE,WITH OTHER PEOPLE,True,False,0,0,0,0,0,
912,AND THE INITIALS STAND FOR THE INTERNATIONAL MARXIST GROUP,AND THE INITIALS STAND FOR THE INTERNATIONAL MARKS ASSOCIATION,False,True,2,0,0,0,2,
913,AS YOU MAY KNOW,AS YOU MAY KNOW,True,True,0,0,0,0,0,
914,THIS CAME FROM THE BIG,THIS CAME FROM THE BIG,True,False,0,0,0,0,0,
915,THAT'S REALLY SAD,THAT'S REALLY SAD,True,False,0,0,0,0,0,
916,I NEED TO GET TO WORK,I NEED TO GET TO WORK,True,True,0,0,0,0,0,
917,BEFORE I ANNOUNCE THE WINNER,BEFORE I ANNOUNCE THE WINNER,True,True,0,0,0,0,0,
918,WE DON'T HAVE BROWN BEAR,WE DON'T HAVE BROWN BEAR,True,True,0,0,0,0,0,
919,IF THE ANSWER IS NO,IF THE ANSWER IS NO,True,True,0,0,0,0,0,
920,WE MAY ENJOY THE THRILL OF MORE REGULAR SIGHTINGS,WE MAY ENJOY THE THRILL OF MORE REGULAR SIGHTINGS,True,True,0,0,0,0,0,
921,WHAT THEIR ASPIRATIONS ARE,WHAT THEIR ASPIRATIONS ARE,True,True,0,0,0,0,0,
922,WITHOUT THE DIALOGUE,WITHOUT THE DIALOGUE,True,False,0,0,0,0,0,
923,VERY HEAVILY TAXED,VERY HEAVILY TAXED,True,True,0,0,0,0,0,
924,AND THE SCOTTISH CUSTOMERS TO BUY,AND THE SCOTTISH CUSTOMERS TO BUY,True,True,0,0,0,0,0,
925,AND IT WAS BUILT TOTALLY BY PUBLIC SUBSCRIPTION,AND IT WAS BUILT TOTALLY BY PUBLIC SUBSCRIPTION,True,True,0,0,0,0,0,
926,TODAY ALMOST 50,TODAY ALMOST 50,True,False,0,0,0,0,0,
927,THE GOVERNMENT LOOKS SET TO WIN,THE GOVERNMENT LOOKS SET TO WIN,True,True,0,0,0,0,0,
928,WHICH THE NORWEGIAN GOVERNMENT WAS SUPPORTING,WHICH THE NORWEGIAN GOVERNMENT WAS SUPPORTING,True,True,0,0,0,0,0,
929,A RATHER SPECIAL,A RATHER SPECIAL,True,False,0,0,0,0,0,
930,YOU SHOULD THINK ABOUT IT,YOU SHOULD THINK ABOUT IT,True,True,0,0,0,0,0,
931,WE FOUND OUT ABOUT THE SUFFOLK PUNCH HORSES,WE FOUND OUT ABOUT THE SUFFOLK PUNCH HORSES,True,True,0,0,0,0,0,
932,BUT IT'S A DIFFERENT TYPE OF ANIMAL I WANT TO SHOW YOU RIGHT NOW,BUT IT'S A DIFFERENT TYPE OF ANIMAL I WANT TO SHOW YOU RIGHT NOW,True,True,0,0,0,0,0,
933,THINGS LIKE THIS BECAME VERY,THINGS LIKE THIS BECAME VERY,True,True,0,0,0,0,0,
934,THE QUALITY OF THAT SLIDING ACROSS,THE QUALITY OF THAT SLIDING ACROSS,True,False,0,0,0,0,0,
935,JOIN US NEXT TIME FOR MANY MORE SURPRISES,JOIN US NEXT TIME FOR MANY MORE SURPRISES,True,True,0,0,0,0,0,
936,GOES OUT THE OTHER,GOES OUT THE OTHER,True,False,0,0,0,0,0,
937,WE DON'T CLIP IT FOR THE MONEY,WE DON'T CLIP IT FOR THE MONEY,True,True,0,0,0,0,0,
938,I DON'T REALLY MIND,I DON'T REALLY MIND,True,True,0,0,0,0,0,
939,A NEW CHANCE AT LIFE,A NEW CHANCE AT LIFE,True,True,0,0,0,0,0,
940,BUT I'M NOT SURE WHERE,BUT I'M NOT SURE WHERE,True,True,0,0,0,0,0,
941,IT'S HIGHER THAN BEFORE,IT'S HIGHER THAN BEFORE,True,True,0,0,0,0,0,
942,BUT ANOTHER STRIKING UNION,BUT ANOTHER STRIKING UNION,True,True,0,0,0,0,0,
943,THERE WAS A GLIMMER OF HOPE,THERE WAS A GLIMMER OF HOPE,True,True,0,0,0,0,0,
944,MORE OPEN MINDED PERHAPS,MORE OPEN MINDED PERHAPS,True,True,0,0,0,0,0,
945,AND MORE OPEN TO THE PARLIAMENT,AND MORE OPEN TO THE PARLIAMENT,True,True,0,0,0,0,0,
946,TO DIVIDE THE ROOM INTO TWO PARTS,TO DIVIDE THE ROOM INTO TWO PARTS,True,True,0,0,0,0,0,
947,THEN THE INVITATION,THEN THE INVITATION,True,False,0,0,0,0,0,
948,HE WAS HALFWAY THERE,HE WAS HALFWAY THERE,True,True,0,0,0,0,0,
949,PART TWO IS THE DECLARATION OF RIGHTS,PART TWO IS THE DECLARATION OF RIGHTS,True,True,0,0,0,0,0,
