row,prediction
1,SOME MEMBERS OF THE PUBLIC DON'T QUITE UNDERSTANDLY SELL
2,WOULD YOU WANT NEW NEIGHBOURS EVERY WEEK OR EVERY NIGHT
3,LEARNING THE ROPE S
4,A LITTLE SAXOPHONE FRAGMENT
5,SQUWAREL POX VIRUS
6,SHE WAS A FLAWED SHIPPING
7,DESPERATE TO PROVE YOUR BIZARRE
8,BUT THE WALLDORF STORY A
9,WHICH IS ONLY TEN MINUTES AWAY
10,BEFORE WE ALL GET TOO EXCITED ABOUT THAT PROJECT
11,AS LONG AS YOU'RE COME
12,FORMALLY ANNOLLED HIS TITLE AS THE PRINCE OF WALES
13,WHICH IS NOW IN SURREY
14,THE GARISON TRIED TO SURRENDER BEFORE HE COULD TRY OUT HIS NEW TOY
15,TERRIFYING IT TO THE GROUND
16,THERE WAS A PERKELLIS
17,EVEN THE FOUR PLAY
18,AND IN FLAMATORY PHOTOGRAPH
19,IN FLAMMATORY OR TERRIBLE IMAGES
20,THAT MAKES A GRAND TOTAL OF 6
21,THE PERFECT PAINT
22,THIS IS SOUTHWELL
23,THINK ABOUT THE MELTING ICE
24,THERE IS A HUGE CROSS OVER BETWEEN THE TWO
25,ISLAM ALLOWS POLIGAMY
26,BUT 10 YEARS AGO
27,WE HEARD THE STORY OF THE NURSE ANNE ACROSS
28,TEN DAYS BEFORE HAND
29,SO 10 CUBIC METRES
30,SO WHAT IS THE ETHIC
31,MR CONNIE SPEAKING
32,THE OLYMPICS SWIMMER
33,WHICH UPSETS SOME OF OUR FEMALE RESIDENTS
34,PWARE TO RECONSTRUCT
35,I LOVE WEEDINGS
36,GRAHAM BARRENASH
37,THE MOST FAMOUS OF THEM ALL HAVE TO BE THE WORKS OF THE BRONTË SISTERS
38,WE MIGHT FIND SOME MARATIME MEMORABILIA
39,AND IN THE PROCESS OF ME NOT OFFERING GOD
40,BECAUSE THE WHOLE POINT OF 9/11 IS THAT IT'S THE JUSTIFICATION FOR THE POLICE STATE
41,CHILD OF THE MOLYNEUX
42,HERE TO GIVE US A RUN DOWN OF THE GREATEST FAMILIAL CHOREOGRAPHY EVER SEEN ON THE BOX
43,THE DUKE OF GLOSTER
44,WE HAVE THE DELICATE ALUMNI
45,I WANT TO TALK ABOUT DADDY TO
46,I HESITANT TO AD
47,PLEASE WELCOME GENIE CLARKE
48,NICOLE IS DEFINITELY THE LOVE OF MY LIFE
49,THE ROSEHELLE TO MY MERVYN
50,SHE'S GOT THE BEST TOPLINE IN THE BUSINESS
51,I'VE BEEN WACKED
52,IT'S ALL ABOUT THE STRICTLY PROCHALLENGE
53,SUMMER BRIGHTLY FOR A YEAR OR TWO
54,INVICTORIAN BRITAIN
55,MAYBE NOT URIANIA
56,BUT IT WAS SO DISCONCERTINGLY COME IN THE STUDIO
57,NUTRONS AND ELECTRONS
58,STRETCHING BACK THREE
59,PONDERING THE IMMANENCE
60,IT'S ALL ABOUT RETIREMENT
61,BUT SLIGHTLY REBELLIOUS SAX
62,DON'T FORGET THAT SCARCROW
63,PEOPLE GETTING IN TOUCH AND WANTING TO WRECK A FIRE ONGS
64,THE DAY JUST GOT WEIRD AND WEIRDER
65,IT'S ALSO COME UP WITH A STRUCTURE THAT ACTS AS AN ADVERTISMENT WHICH SAYS
66,AND WITH STELLA
67,THE QWEEN MARY AND THE QUEEN ELIZABETH
68,AND MORE MONEY FOR NHS
69,THERE ARE NO RECORDINGS OF LOYD GEORGE AT THE PEAK OF HIS POWERS
70,WITH THAT FLURRY
71,BUY SOME MIRACLE
72,WITH THEIR DATA BASE
73,GET A NEW LOYAL CUSTOMER AND DEBINOMES
74,HONESTLY DON'T KNOW WHAT TO DO
75,AS THE MORNING SPREAD UP ON THE MOUNTAINS
76,AND THE INITIALS STAND FOR THE INTERNATIONAL MARKS ASSOCIATION
