target,prediction,is_homophone,word_S,word_I,word_D,word_H,char_S,char_I,char_D,char_H,wer,cer,exact_match
AND FOR ME THE SURPRISE WAS,AND FOR ME THE SURPRISE WAS,True,0,0,0,6,0,0,0,27,0.0,0.0,True
THEY'RE MOVING AROUND,THEY'RE MOVING AROUND,False,0,0,0,3,0,0,0,21,0.0,0.0,True
AND WE WERE RIGHT,AND WE WERE RIGHT,True,0,0,0,4,0,0,0,17,0.0,0.0,True
WHEN THERE ISN'T MUCH ELSE IN THE GARDEN,WHEN THERE ISN'T MUCH ELSE IN THE GARDEN,True,0,0,0,8,0,0,0,40,0.0,0.0,True
SORT OF SECOND HALF OF OCTOBER,SORT OF SECOND HALF OF OCTOBER,False,0,0,0,6,0,0,0,30,0.0,0.0,True
WELL INTO NOVEMBER,WELL INTO NOVEMBER,False,0,0,0,3,0,0,0,18,0.0,0.0,True
WE CAN JUST ABOUT GET AWAY WITH IT NOW,WE CAN JUST ABOUT GET AWAY WITH IT NOW,True,0,0,0,9,0,0,0,38,0.0,0.0,True
SOMETHING LIKE A GARDEN COMPOST,SOMETHING LIKE A GARDEN COMPOST,False,0,0,0,5,0,0,0,31,0.0,0.0,True
IT'S NOT ALL ABOUT SIZE,IT'S NOT ALL ABOUT SIZE,True,0,0,0,5,0,0,0,23,0.0,0.0,True
AND IF YOU WANT WONDERFUL,AND IF YOU WANT WONDERFUL,True,0,0,0,5,0,0,0,25,0.0,0.0,True
STARTING WITH THE COMPOST,STARTING WITH THE COMPOST,False,0,0,0,4,0,0,0,25,0.0,0.0,True
FOR A BRIEF TIME,FOR A BRIEF TIME,True,0,0,0,4,0,0,0,16,0.0,0.0,True
IT WILL CHANGE LIVES,IT WILL CHANGE LIVES,False,0,0,0,4,0,0,0,20,0.0,0.0,True
WHEN MY HUSBAND AND I ARE NOT AROUND,WHEN MY HUSBAND AND I ARE NOT AROUND,True,0,0,0,8,0,0,0,36,0.0,0.0,True
PLEASE DONATE NOW,PLEASE DONATE NOW,False,0,0,0,3,0,0,0,17,0.0,0.0,True
INSTEAD OF BEING SOMEONE'S ARM CANDY,INSTEAD OF BEING SOMEONE'S ARM CANDY,False,0,0,0,6,0,0,0,36,0.0,0.0,True
I EXPECTED YOU TO HAVE A PAST,I EXPECTED YOU TO HAVE A PAST,True,0,0,0,7,0,0,0,29,0.0,0.0,True
SEE HOW MUCH IT COMES TO,SEE HOW MUCH IT COMES TO,True,0,0,0,6,0,0,0,24,0.0,0.0,True
I PAY THE MONEY,I PAY THE MONEY,True,0,0,0,4,0,0,0,15,0.0,0.0,True
OVER THE COURSE OF HIS LIFE,OVER THE COURSE OF HIS LIFE,True,0,0,0,6,0,0,0,27,0.0,0.0,True
WHEN IT'S FINISHED,WHEN IT'S FINISHED,True,0,0,0,3,0,0,0,18,0.0,0.0,True
BUT BEFORE I DO,BUT BEFORE I DO,True,0,0,0,4,0,0,0,15,0.0,0.0,True
THIS HOUSE WILL JUST COME TOGETHER AND FLOURISH,THIS HOUSE WILL JUST COME TOGETHER AND FLOURISH,False,0,0,0,8,0,0,0,47,0.0,0.0,True
ANY MAN WOULD BE PROUD TO HAVE YOU AS A SON,ANY MAN WOULD BE PROUD TO HAVE YOU AS A SON,True,0,0,0,11,0,0,0,43,0.0,0.0,True
GET THEM INTO THE GARDEN,GET THEM INTO THE GARDEN,False,0,0,0,5,0,0,0,24,0.0,0.0,True
THIS ONE IS TOTALLY OUT OF CONTROL,THIS ONE IS TOTALLY OUT OF CONTROL,True,0,0,0,7,0,0,0,34,0.0,0.0,True
BUT IT COMES AND GOES,BUT IT COMES AND GOES,True,0,0,0,5,0,0,0,21,0.0,0.0,True
I THINK IT'S BRILLIANT,I THINK IT'S BRILLIANT,True,0,0,0,4,0,0,0,22,0.0,0.0,True
A ONE BEDROOM FIRST FLOOR FLAT,A ONE BEDROOM FIRST FLOOR FLAT,True,0,0,0,6,0,0,0,30,0.0,0.0,True
IF IT WAS GOING TO BE INCREASED,IF IT WAS GOING TO BE INCREASED,True,0,0,0,7,0,0,0,31,0.0,0.0,True
BUT IT'S A DECENT SIZE,BUT IT'S A DECENT SIZE,True,0,0,0,5,0,0,0,22,0.0,0.0,True
I'M NOT MASSIVELY HAPPY,I'M NOT MASSIVELY HAPPY,True,0,0,0,4,0,0,0,23,0.0,0.0,True
IF YOU ARE LOOKING ROUND AUCTION PROPERTIES BEFORE THE AUCTION,IF YOU ARE LOOKING ROUND AUCTION PROPERTIES BEFORE THE AUCTION,True,0,0,0,10,0,0,0,62,0.0,0.0,True
IT'S A VERY ATTRACTIVE GUIDE PRICE FOR A SUBSTANTIAL HOUSE SO WELL,IT'S A VERY ATTRACTIVE GUIDE PRICE FOR A SUBSTANTIAL HOUSE SO WELL,True,0,0,0,12,0,0,0,66,0.0,0.0,True
DID THEY GET IT DONE ON TIME AND FOR THE RIGHT MONEY,DID THEY GET IT DONE ON TIME AND FOR THE RIGHT MONEY,True,0,0,0,12,0,0,0,52,0.0,0.0,True
BUT WHAT A SURPRISE WHEN YOU COME IN,BUT WHAT A SURPRISE WHEN YOU COME IN,True,0,0,0,8,0,0,0,36,0.0,0.0,True
BECAUSE IT'S FANTASTIC,BECAUSE IT'S FANTASTIC,False,0,0,0,3,0,0,0,22,0.0,0.0,True
WHAT DO YOU THINK ABOUT THAT,WHAT DO YOU THINK ABOUT THAT,True,0,0,0,6,0,0,0,28,0.0,0.0,True
HE'S LOOKING TO SELL IT,HE'S LOOKING TO SELL IT,True,0,0,0,5,0,0,0,23,0.0,0.0,True
IT'S NOT AS EASY AS IT LOOKS,IT'S NOT AS EASY AS IT LOOKS,True,0,0,0,7,0,0,0,28,0.0,0.0,True
STICK TO WHAT YOU'RE GOOD AT,STICK TO WHAT YOU'RE GOOD AT,True,0,0,0,6,0,0,0,28,0.0,0.0,True
THAT IS IMPORTANT,THAT IS IMPORTANT,False,0,0,0,3,0,0,0,17,0.0,0.0,True
BUT HE DID REALLY WELL,BUT HE DID REALLY WELL,True,0,0,0,5,0,0,0,22,0.0,0.0,True
AND DO WHAT I USED TO DO WHEN I WAS A LITTLE BOY,AND DO WHAT I USED TO DO WHEN I WAS A LITTLE BOY,True,0,0,0,13,0,0,0,48,0.0,0.0,True
EXCEPT AS A LAST RESORT,EXCEPT AS A LAST RESORT,True,0,0,0,5,0,0,0,23,0.0,0.0,True
YOU NEVER KNOW BY THE END OF THE BUILD,YOU NEVER KNOW BY THE END OF THE BUILD,True,0,0,0,9,0,0,0,38,0.0,0.0,True
I KNOW IT COMES WITH PLANNING PERMISSION,I KNOW IT COMES WITH PLANNING PERMISSION,True,0,0,0,7,0,0,0,40,0.0,0.0,True
BUT WE'RE GOING TO IMPROVE ON THINGS LIKE THE GREEN ROOF,BUT WE'RE GOING TO IMPROVE ON THINGS LIKE THE GREEN ROOF,True,0,0,0,11,0,0,0,56,0.0,0.0,True
WE'VE GOT A GREAT RELATIONSHIP,WE'VE GOT A GREAT RELATIONSHIP,False,0,0,0,5,0,0,0,30,0.0,0.0,True
WHERE IS THE GAS,WHERE IS THE GAS,True,0,0,0,4,0,0,0,16,0.0,0.0,True
SOME MEMBERS OF THE PUBLIC DON'T QUITE UNDERSTAND LEASEHOLD,SOME MEMBERS OF THE PUBLIC DON'T QUITE UNDERSTANDLY SELL,True,2,0,0,7,3,0,3,53,0.2222222222222222,0.1016949152542373,False
IF YOU LIVED IN THE BUILDING,IF YOU LIVED IN THE BUILDING,True,0,0,0,6,0,0,0,28,0.0,0.0,True
WOULD YOU WANT NEW NEIGHBOURS EVERY WEEK OR EVERY FORTNIGHT,WOULD YOU WANT NEW NEIGHBOURS EVERY WEEK OR EVERY NIGHT,True,1,0,0,9,0,0,4,55,0.1,0.06779661016949153,False
BUT I THINK HE'S ALREADY LEARNED SOME REALLY IMPORTANT PROPERTY LESSONS,BUT I THINK HE'S ALREADY LEARNED SOME REALLY IMPORTANT PROPERTY LESSONS,True,0,0,0,11,0,0,0,71,0.0,0.0,True
CHOOSING A GOOD LOCATION,CHOOSING A GOOD LOCATION,False,0,0,0,4,0,0,0,24,0.0,0.0,True
YOU HAVE TO HOLD YOUR NERVE,YOU HAVE TO HOLD YOUR NERVE,True,0,0,0,6,0,0,0,27,0.0,0.0,True
WHO'S VERY MUCH INTO FAMILY HISTORY,WHO'S VERY MUCH INTO FAMILY HISTORY,True,0,0,0,6,0,0,0,35,0.0,0.0,True
WE DON'T WANT TO SPEND MORE THAN,WE DON'T WANT TO SPEND MORE THAN,True,0,0,0,7,0,0,0,32,0.0,0.0,True
IT CERTAINLY WON'T BE,IT CERTAINLY WON'T BE,True,0,0,0,4,0,0,0,21,0.0,0.0,True
I THINK SOMETHING DRASTIC NEEDS TO BE DONE,I THINK SOMETHING DRASTIC NEEDS TO BE DONE,True,0,0,0,8,0,0,0,42,0.0,0.0,True
WHAT DO YOU KNOW ABOUT IT,WHAT DO YOU KNOW ABOUT IT,True,0,0,0,6,0,0,0,25,0.0,0.0,True
I'M RIGHT IN SAYING THAT,I'M RIGHT IN SAYING THAT,True,0,0,0,5,0,0,0,24,0.0,0.0,True
SO LET'S GO BACK AND FIND OUT,SO LET'S GO BACK AND FIND OUT,True,0,0,0,7,0,0,0,29,0.0,0.0,True
I'M VERY IMPRESSED,I'M VERY IMPRESSED,True,0,0,0,3,0,0,0,18,0.0,0.0,True
THE BEST BARGAINS,THE BEST BARGAINS,False,0,0,0,3,0,0,0,17,0.0,0.0,True
NOT QUITE AS HIGH,NOT QUITE AS HIGH,True,0,0,0,4,0,0,0,17,0.0,0.0,True
IT'S A PLUS POINT,IT'S A PLUS POINT,False,0,0,0,4,0,0,0,17,0.0,0.0,True
THE FIRST AND SECOND FLOOR FLATS,THE FIRST AND SECOND FLOOR FLATS,False,0,0,0,6,0,0,0,32,0.0,0.0,True
AS A RESULT OF SMOKING,AS A RESULT OF SMOKING,False,0,0,0,5,0,0,0,22,0.0,0.0,True
WE'LL GIVE IT A TRY,WE'LL GIVE IT A TRY,False,0,0,0,5,0,0,0,19,0.0,0.0,True
GO TO THE PRESS,GO TO THE PRESS,True,0,0,0,4,0,0,0,15,0.0,0.0,True
LEARNING THE ROPES,LEARNING THE ROPE S,False,1,1,0,2,0,1,0,18,0.6666666666666666,0.05555555555555555,False
EIGHT FEET TALL,EIGHT FEET TALL,True,0,0,0,3,0,0,0,15,0.0,0.0,True
AND THE REASON FOR THAT,AND THE REASON FOR THAT,True,0,0,0,5,0,0,0,23,0.0,0.0,True
A LITTLE SAXIFRAGE,A LITTLE SAXOPHONE FRAGMENT,False,1,1,0,2,1,9,0,17,0.6666666666666666,0.5555555555555556,False
IT MAY BE A MINIATURE COMPARED TO THAT,IT MAY BE A MINIATURE COMPARED TO THAT,True,0,0,0,8,0,0,0,38,0.0,0.0,True
I CAN PLANT THEM IN THAT SPOT,I CAN PLANT THEM IN THAT SPOT,True,0,0,0,7,0,0,0,29,0.0,0.0,True
SOMETIMES IT DOESN'T,SOMETIMES IT DOESN'T,False,0,0,0,3,0,0,0,20,0.0,0.0,True
I THINK IT LOOKS GREAT,I THINK IT LOOKS GREAT,True,0,0,0,5,0,0,0,22,0.0,0.0,True
THAT'S QUITE A LARGE LEAF,THAT'S QUITE A LARGE LEAF,False,0,0,0,5,0,0,0,25,0.0,0.0,True
AND IT'S A GREAT WAY TO EAT IT,AND IT'S A GREAT WAY TO EAT IT,True,0,0,0,8,0,0,0,30,0.0,0.0,True
THAT FIRST MEETING,THAT FIRST MEETING,False,0,0,0,3,0,0,0,18,0.0,0.0,True
BUT NOW WE HAVE THESE VIRUSES,BUT NOW WE HAVE THESE VIRUSES,True,0,0,0,6,0,0,0,29,0.0,0.0,True
SQUIRREL POX VIRUS,SQUWAREL POX VIRUS,False,1,0,0,2,2,0,0,16,0.3333333333333333,0.1111111111111111,False
CAUSES IT NO HARM,CAUSES IT NO HARM,True,0,0,0,4,0,0,0,17,0.0,0.0,True
BUT NOT FOR ME AS A FARMER,BUT NOT FOR ME AS A FARMER,True,0,0,0,7,0,0,0,26,0.0,0.0,True
IT'S THAT SIMPLE,IT'S THAT SIMPLE,False,0,0,0,3,0,0,0,16,0.0,0.0,True
THIS REALLY IS A TALE OF TWO CITIES,THIS REALLY IS A TALE OF TWO CITIES,True,0,0,0,8,0,0,0,35,0.0,0.0,True
IT'S A LONG WAY FROM HOME,IT'S A LONG WAY FROM HOME,True,0,0,0,6,0,0,0,25,0.0,0.0,True
AS YOU ENTER THE REAR PART OF THE SHOP,AS YOU ENTER THE REAR PART OF THE SHOP,True,0,0,0,9,0,0,0,38,0.0,0.0,True
LOTS OF THINGS TO THINK ABOUT,LOTS OF THINGS TO THINK ABOUT,True,0,0,0,6,0,0,0,29,0.0,0.0,True
I'M STILL HAPPY,I'M STILL HAPPY,False,0,0,0,3,0,0,0,15,0.0,0.0,True
YOU MUST HAVE A PERSONAL KEY,YOU MUST HAVE A PERSONAL KEY,True,0,0,0,6,0,0,0,28,0.0,0.0,True
WE WILL OWN IT TOGETHER,WE WILL OWN IT TOGETHER,True,0,0,0,5,0,0,0,23,0.0,0.0,True
IT WILL BE A GREAT INVESTMENT,IT WILL BE A GREAT INVESTMENT,True,0,0,0,6,0,0,0,29,0.0,0.0,True
OR PROPERTIES SHOULD I SAY,OR PROPERTIES SHOULD I SAY,True,0,0,0,5,0,0,0,26,0.0,0.0,True
PRETTY ON THE OUTSIDE,PRETTY ON THE OUTSIDE,False,0,0,0,4,0,0,0,21,0.0,0.0,True
BECAUSE IT WAS OFFICES,BECAUSE IT WAS OFFICES,False,0,0,0,4,0,0,0,22,0.0,0.0,True
VERY CLOSE BY THE UNIVERSITY,VERY CLOSE BY THE UNIVERSITY,True,0,0,0,5,0,0,0,28,0.0,0.0,True
GROUND FLOOR FLAT,GROUND FLOOR FLAT,False,0,0,0,3,0,0,0,17,0.0,0.0,True
I WOULD MARKET THAT,I WOULD MARKET THAT,True,0,0,0,4,0,0,0,19,0.0,0.0,True
ADD ANOTHER TEN ON,ADD ANOTHER TEN ON,True,0,0,0,4,0,0,0,18,0.0,0.0,True
ONE BEDROOM APARTMENTS AROUND HERE AT THE MOMENT,ONE BEDROOM APARTMENTS AROUND HERE AT THE MOMENT,True,0,0,0,8,0,0,0,48,0.0,0.0,True
PROBABLY AROUND 85,PROBABLY AROUND 85,False,0,0,0,3,0,0,0,18,0.0,0.0,True
AND SINCE THE CONVERSION,AND SINCE THE CONVERSION,False,0,0,0,4,0,0,0,24,0.0,0.0,True
REALISTIC VALUE WISE,REALISTIC VALUE WISE,True,0,0,0,3,0,0,0,20,0.0,0.0,True
SHE WAS A FLAWED SHIP,SHE WAS A FLAWED SHIPPING,False,1,0,0,4,0,4,0,21,0.2,0.19047619047619047,False
EVEN BEFORE SHE ENTERED THE WATER,EVEN BEFORE SHE ENTERED THE WATER,False,0,0,0,6,0,0,0,33,0.0,0.0,True
VISITING ALMOST ALL PARTS OF THE EMPIRE,VISITING ALMOST ALL PARTS OF THE EMPIRE,False,0,0,0,7,0,0,0,39,0.0,0.0,True
FROM SMALL SHIPS,FROM SMALL SHIPS,False,0,0,0,3,0,0,0,16,0.0,0.0,True
IS IT TRUE SHE WAS,IS IT TRUE SHE WAS,False,0,0,0,5,0,0,0,18,0.0,0.0,True
SOMETIMES IT'S DIFFICULT TO KNOW WHERE,SOMETIMES IT'S DIFFICULT TO KNOW WHERE,True,0,0,0,6,0,0,0,38,0.0,0.0,True
IF YOU INTEND TO BID ON A PLACE,IF YOU INTEND TO BID ON A PLACE,True,0,0,0,8,0,0,0,31,0.0,0.0,True
IT'S HARD TO COME AWAY FROM IT,IT'S HARD TO COME AWAY FROM IT,True,0,0,0,7,0,0,0,30,0.0,0.0,True
IT SEEMS A VERY GOOD LOCATION,IT SEEMS A VERY GOOD LOCATION,True,0,0,0,6,0,0,0,29,0.0,0.0,True
BECAUSE OF THE DEMAND OF THE MARKET,BECAUSE OF THE DEMAND OF THE MARKET,False,0,0,0,7,0,0,0,35,0.0,0.0,True
IT MIGHT BE VIABLE,IT MIGHT BE VIABLE,True,0,0,0,4,0,0,0,18,0.0,0.0,True
THAT'S MY KIND OF LOCATION,THAT'S MY KIND OF LOCATION,False,0,0,0,5,0,0,0,26,0.0,0.0,True
WHAT WAS IT THAT MADE YOU THINK,WHAT WAS IT THAT MADE YOU THINK,True,0,0,0,7,0,0,0,31,0.0,0.0,True
HOW CAN I DO THAT,HOW CAN I DO THAT,True,0,0,0,5,0,0,0,17,0.0,0.0,True
DESTROYING THE PROPERTY,DESTROYING THE PROPERTY,False,0,0,0,3,0,0,0,23,0.0,0.0,True
PURELY BY CHANCE,PURELY BY CHANCE,True,0,0,0,3,0,0,0,16,0.0,0.0,True
ARE THEY STRUGGLING OR ARE THEY FLUSHED WITH SUCCESS,ARE THEY STRUGGLING OR ARE THEY FLUSHED WITH SUCCESS,True,0,0,0,9,0,0,0,52,0.0,0.0,True
HE'S MY BUILDER,HE'S MY BUILDER,False,0,0,0,3,0,0,0,15,0.0,0.0,True
WE PLAYED IN A BAND TOGETHER,WE PLAYED IN A BAND TOGETHER,True,0,0,0,6,0,0,0,28,0.0,0.0,True
AFTER JUST A COUPLE OF DAYS,AFTER JUST A COUPLE OF DAYS,False,0,0,0,6,0,0,0,27,0.0,0.0,True
JUST LIKE ANY GOOD COMIC BOOK VILLAIN,JUST LIKE ANY GOOD COMIC BOOK VILLAIN,False,0,0,0,7,0,0,0,37,0.0,0.0,True
AND THEN OF COURSE,AND THEN OF COURSE,True,0,0,0,4,0,0,0,18,0.0,0.0,True
DESPERATE TO PROVE YOUR BIZARRE THEORY,DESPERATE TO PROVE YOUR BIZARRE,True,0,0,1,5,0,0,7,31,0.16666666666666666,0.18421052631578946,False
BUT SINCE JACK'S FIRST DISCOVERY,BUT SINCE JACK'S FIRST DISCOVERY,True,0,0,0,5,0,0,0,32,0.0,0.0,True
PROTECTED FROM THE PREVAILING WINDS,PROTECTED FROM THE PREVAILING WINDS,False,0,0,0,5,0,0,0,35,0.0,0.0,True
SEARCHING FOR ANSWERS,SEARCHING FOR ANSWERS,True,0,0,0,3,0,0,0,21,0.0,0.0,True
WE KNOW WHAT THEY ARE,WE KNOW WHAT THEY ARE,True,0,0,0,5,0,0,0,21,0.0,0.0,True
THERE'S NO OBVIOUS REASON,THERE'S NO OBVIOUS REASON,True,0,0,0,4,0,0,0,25,0.0,0.0,True
TAKING HORTICULTURE TO THE EXTREME,TAKING HORTICULTURE TO THE EXTREME,True,0,0,0,5,0,0,0,34,0.0,0.0,True
THE WHOLE GARDENS ARE EXTRAORDINARY AND,THE WHOLE GARDENS ARE EXTRAORDINARY AND,True,0,0,0,6,0,0,0,39,0.0,0.0,True
LIKE HUNDREDS OF THOUSANDS OF PEOPLE DO EVERY YEAR,LIKE HUNDREDS OF THOUSANDS OF PEOPLE DO EVERY YEAR,True,0,0,0,9,0,0,0,50,0.0,0.0,True
BUT NOW THERE'S MORE PROTECTION,BUT NOW THERE'S MORE PROTECTION,True,0,0,0,5,0,0,0,31,0.0,0.0,True
ABOUT 20 YEARS AGO,ABOUT 20 YEARS AGO,True,0,0,0,4,0,0,0,18,0.0,0.0,True
ENJOY THE SUMMER,ENJOY THE SUMMER,False,0,0,0,3,0,0,0,16,0.0,0.0,True
ARE THEY RELATIVES OF YOURS,ARE THEY RELATIVES OF YOURS,True,0,0,0,5,0,0,0,27,0.0,0.0,True
NOT JUST A HOTEL,NOT JUST A HOTEL,True,0,0,0,4,0,0,0,16,0.0,0.0,True
BUT THE WALDORF ASTORIA,BUT THE WALLDORF STORY A,True,2,1,0,2,1,2,1,21,0.75,0.17391304347826086,False
THEY WOULD BE ABLE TO GO BACK,THEY WOULD BE ABLE TO GO BACK,True,0,0,0,7,0,0,0,29,0.0,0.0,True
NOT JUST A HOTEL,NOT JUST A HOTEL,True,0,0,0,4,0,0,0,16,0.0,0.0,True
EVERY SEPTEMBER THIS PLACE WOULD BE TRANSFORMED INTO WHAT WAS,EVERY SEPTEMBER THIS PLACE WOULD BE TRANSFORMED INTO WHAT WAS,True,0,0,0,10,0,0,0,61,0.0,0.0,True
FOR OVER 700 YEARS,FOR OVER 700 YEARS,True,0,0,0,4,0,0,0,18,0.0,0.0,True
SO FROM HIS VANTAGE POINT,SO FROM HIS VANTAGE POINT,True,0,0,0,5,0,0,0,25,0.0,0.0,True
THERE IS NO AIR SO THERE IS NO SOUND,THERE IS NO AIR SO THERE IS no SOUND,True,1,0,0,8,2,0,0,34,0.1111111111111111,0.05555555555555555,True
WITH ONE OF THE ROOMS UPSTAIRS,WITH ONE OF THE ROOMS UPSTAIRS,True,0,0,0,6,0,0,0,30,0.0,0.0,True
WHICH IS ONLY 10 MINUTES AWAY,WHICH IS ONLY TEN MINUTES AWAY,True,1,0,0,5,2,1,0,27,0.16666666666666666,0.10344827586206896,False
THIS IS A SWEET,THIS IS A SWEET,False,0,0,0,4,0,0,0,15,0.0,0.0,True
BEFORE WE ALL GET TOO EXCITED ABOUT THAT PROSPECT,BEFORE WE ALL GET TOO EXCITED ABOUT THAT PROJECT,True,1,0,0,8,1,0,1,47,0.1111111111111111,0.04081632653061224,False
IT CAN BE QUITE EXPENSIVE,IT CAN BE QUITE EXPENSIVE,True,0,0,0,5,0,0,0,25,0.0,0.0,True
IT'S A MULTICULTURAL,IT'S A MULTICULTURAL,False,0,0,0,3,0,0,0,20,0.0,0.0,True
BUYING A NEW BUILD PROPERTY SHOULD MEAN YOU DON'T HAVE ANY WORK TO DO,BUYING A NEW BUILD PROPERTY SHOULD MEAN YOU DON'T HAVE ANY WORK TO DO,True,0,0,0,14,0,0,0,69,0.0,0.0,True
SOME ISSUES WITH POTENTIAL DAMP,SOME ISSUES WITH POTENTIAL DAMP,True,0,0,0,5,0,0,0,31,0.0,0.0,True
A GREAT PLACE FOR HIM TO BE,A GREAT PLACE FOR HIM TO BE,True,0,0,0,7,0,0,0,27,0.0,0.0,True
WE HAVE TO PAY FOR THAT,WE HAVE TO PAY FOR THAT,True,0,0,0,6,0,0,0,23,0.0,0.0,True
SO RATHER THAN JUST RELYING ON THIS INFORMATION,SO RATHER THAN JUST RELYING ON THIS INFORMATION,True,0,0,0,8,0,0,0,47,0.0,0.0,True
ALL OF THE BRAIN IS COMBINING ALL THE DIFFERENT SENSES,ALL OF THE BRAIN IS COMBINING ALL THE DIFFERENT SENSES,False,0,0,0,10,0,0,0,54,0.0,0.0,True
WHO DOESN'T HAVE VISION,WHO DOESN'T HAVE VISION,True,0,0,0,4,0,0,0,23,0.0,0.0,True
SO YOU HAVE YOUR BATHROOM IN THIS AREA AND THEN,SO YOU HAVE YOUR BATHROOM IN THIS AREA AND THEN,True,0,0,0,10,0,0,0,47,0.0,0.0,True
WHEN I SEE THAT,WHEN I SEE THAT,True,0,0,0,4,0,0,0,15,0.0,0.0,True
AND I WOULDN'T BE SURPRISED,AND I WOULDN'T BE SURPRISED,True,0,0,0,5,0,0,0,27,0.0,0.0,True
THIS IS VERY SIMILAR,THIS IS VERY SIMILAR,True,0,0,0,4,0,0,0,20,0.0,0.0,True
OR HAVE THEY ENCOUNTERED PROBLEMS,OR HAVE THEY ENCOUNTERED PROBLEMS,True,0,0,0,5,0,0,0,33,0.0,0.0,True
AND TURNING UPSTAIRS INTO AN OPEN PLAN AREA IS DEFINITELY THE WAY TO GO,AND TURNING UPSTAIRS INTO AN OPEN PLAN AREA IS DEFINITELY THE WAY TO GO,True,0,0,0,14,0,0,0,71,0.0,0.0,True
TRAVEL THREE MILES FURTHER WEST AND YOU DO GET MORE FOR YOUR MONEY,TRAVEL THREE MILES FURTHER WEST AND YOU DO GET MORE FOR YOUR MONEY,True,0,0,0,13,0,0,0,66,0.0,0.0,True
IF THAT WAS FITTED OUT,IF THAT WAS FITTED OUT,False,0,0,0,5,0,0,0,22,0.0,0.0,True
WILL IT BE A FUN,WILL IT BE A FUN,True,0,0,0,5,0,0,0,16,0.0,0.0,True
FABULOUS PROJECT FOR THEM,FABULOUS PROJECT FOR THEM,True,0,0,0,4,0,0,0,25,0.0,0.0,True
WILL IT BE ABOVE PAR,WILL IT BE ABOVE PAR,True,0,0,0,5,0,0,0,20,0.0,0.0,True
THAT'S AN OPTION,THAT'S AN OPTION,True,0,0,0,3,0,0,0,16,0.0,0.0,True
THAT'S VERY BAD NEWS,THAT'S VERY BAD NEWS,True,0,0,0,4,0,0,0,20,0.0,0.0,True
AND THAT'S REALLY WELL DONE,AND THAT'S REALLY WELL DONE,True,0,0,0,5,0,0,0,27,0.0,0.0,True
IT TAKES HARD WORK,IT TAKES HARD WORK,False,0,0,0,4,0,0,0,18,0.0,0.0,True
AND THINGS LIKE THAT WE'LL DO OURSELVES,AND THINGS LIKE THAT WE'LL DO OURSELVES,True,0,0,0,7,0,0,0,39,0.0,0.0,True
THIS AUCTION LOT HAS IT IN SPADES,THIS AUCTION LOT HAS IT IN SPADES,True,0,0,0,7,0,0,0,33,0.0,0.0,True
IF YOU CAN'T GO UP,IF YOU CAN'T GO UP,True,0,0,0,5,0,0,0,18,0.0,0.0,True
IT'S COSMETICALLY IMPROVED QUITE DRASTICALLY HERE,IT'S COSMETICALLY IMPROVED QUITE DRASTICALLY HERE,True,0,0,0,6,0,0,0,49,0.0,0.0,True
ON THE SECOND FLOOR,ON THE SECOND FLOOR,False,0,0,0,4,0,0,0,19,0.0,0.0,True
IT'S VERY CLEAN,IT'S VERY CLEAN,True,0,0,0,3,0,0,0,15,0.0,0.0,True
THE APPLIANCES HAVE BEEN DONE NICELY,THE APPLIANCES HAVE BEEN DONE NICELY,True,0,0,0,6,0,0,0,36,0.0,0.0,True
IT COULD BE YOUR PASSPORT TO A SMALL FORTUNE,IT COULD BE YOUR PASSPORT TO A SMALL FORTUNE,True,0,0,0,9,0,0,0,44,0.0,0.0,True
IN OTHER WORDS MADE THE BASE,IN OTHER WORDS MADE THE BASE,True,0,0,0,6,0,0,0,28,0.0,0.0,True
GARAGE AND TECHNO FUNK,GARAGE AND TECHNO FUNK,False,0,0,0,4,0,0,0,22,0.0,0.0,True
END OF NOVEMBER,END OF NOVEMBER,False,0,0,0,3,0,0,0,15,0.0,0.0,True
LOOK AT ME AT ALL,LOOK AT ME AT ALL,False,0,0,0,5,0,0,0,17,0.0,0.0,True
BECAUSE I MUST SAY,BECAUSE I MUST SAY,True,0,0,0,4,0,0,0,18,0.0,0.0,True
THE FOLLOWING SPRING,THE FOLLOWING SPRING,False,0,0,0,3,0,0,0,20,0.0,0.0,True
AND THAT'S ALL ABOUT,AND THAT'S ALL ABOUT,False,0,0,0,4,0,0,0,20,0.0,0.0,True
I TEND TO USE NATURAL BRITISH STONE,I TEND TO USE NATURAL BRITISH STONE,True,0,0,0,7,0,0,0,35,0.0,0.0,True
IF YOU TRAVEL THE WORLD,IF YOU TRAVEL THE WORLD,True,0,0,0,5,0,0,0,23,0.0,0.0,True
HERE IN THIS GREENHOUSE AND THE OTHER ONE,HERE IN THIS GREENHOUSE AND THE OTHER ONE,True,0,0,0,8,0,0,0,41,0.0,0.0,True
AS LONG AS YOU'RE CALM,AS LONG AS YOU'RE COME,False,1,0,0,4,3,0,0,19,0.2,0.13636363636363635,False
IS IT ALL GOOD NEWS,IS IT ALL GOOD NEWS,False,0,0,0,5,0,0,0,19,0.0,0.0,True
WHY ARE MANY SUPERMARKETS STOPPING SELLING CAGED EGGS,WHY ARE MANY SUPERMARKETS STOPPING SELLING CAGED EGGS,True,0,0,0,8,0,0,0,53,0.0,0.0,True
FREE RANGE GOOD,FREE RANGE GOOD,False,0,0,0,3,0,0,0,15,0.0,0.0,True
TO MAKE IT WORK,TO MAKE IT WORK,True,0,0,0,4,0,0,0,15,0.0,0.0,True
VERY FEW REMAIN,VERY FEW REMAIN,True,0,0,0,3,0,0,0,15,0.0,0.0,True
TAKING IT ALL IN,TAKING IT ALL IN,True,0,0,0,4,0,0,0,16,0.0,0.0,True
ONE NORTHERN WELSH RULER,ONE NORTHERN WELSH RULER,True,0,0,0,4,0,0,0,24,0.0,0.0,True
FORMALLY ACKNOWLEDGED HIS TITLE AS THE PRINCE OF WALES,FORMALLY ANNOLLED HIS TITLE AS THE PRINCE OF WALES,True,1,0,0,8,2,0,4,48,0.1111111111111111,0.1111111111111111,False
AND HERE ON TOP OF THE EAGLE TOWER,AND HERE ON TOP OF THE EAGLE TOWER,True,0,0,0,8,0,0,0,34,0.0,0.0,True
WHICH IS NOW IN SYRIA,WHICH IS NOW IN SURREY,True,1,0,0,4,3,1,0,18,0.2,0.19047619047619047,False
IT WAS A BLANK CANVAS,IT WAS A BLANK CANVAS,True,0,0,0,5,0,0,0,21,0.0,0.0,True
IN THE FIRST YEAR ALONE,IN THE FIRST YEAR ALONE,True,0,0,0,5,0,0,0,23,0.0,0.0,True
AS SHE LAY DYING,AS SHE LAY DYING,False,0,0,0,4,0,0,0,16,0.0,0.0,True
THE GARRISON RESPONDED WITH A HAIL OF ARROWS,THE GARRISON RESPONDED WITH A HAIL OF ARROWS,True,0,0,0,8,0,0,0,44,0.0,0.0,True
AND WHEN YOU'RE MOVING THROUGH ENEMY TERRITORY,AND WHEN YOU'RE MOVING THROUGH ENEMY TERRITORY,True,0,0,0,7,0,0,0,46,0.0,0.0,True
THE GARRISON TRIED TO SURRENDER BEFORE HE COULD TRY OUT HIS NEW TOY,THE GARISON TRIED TO SURRENDER BEFORE HE COULD TRY OUT HIS NEW TOY,True,1,0,0,12,0,0,1,66,0.07692307692307693,0.014925373134328358,False
HE ORDERED THEM BACK INSIDE,HE ORDERED THEM BACK INSIDE,False,0,0,0,5,0,0,0,27,0.0,0.0,True
YOU DON'T DESERVE MY GRACE,YOU DON'T DESERVE MY GRACE,True,0,0,0,5,0,0,0,26,0.0,0.0,True
TAKING NO CHANCES,TAKING NO CHANCES,True,0,0,0,3,0,0,0,17,0.0,0.0,True
TEARING IT TO THE GROUND,TERRIFYING IT TO THE GROUND,True,1,0,0,4,1,3,0,23,0.2,0.16666666666666666,False
THERE WAS A PORTCULLIS,THERE WAS A PERKELLIS,True,1,0,0,3,3,0,1,18,0.25,0.18181818181818182,False
PEOPLE SAT ON THE STAIRS,PEOPLE SAT ON THE STAIRS,False,0,0,0,5,0,0,0,24,0.0,0.0,True
WHICH IS IDEAL FOR IT,WHICH IS IDEAL FOR IT,True,0,0,0,5,0,0,0,21,0.0,0.0,True
CRACKS WILL APPEAR,CRACKS WILL APPEAR,False,0,0,0,3,0,0,0,18,0.0,0.0,True
SOMEONE CAME OUT OF A NEIGHBOURING PROPERTY AND SAID,SOMEONE CAME OUT OF A NEIGHBOURING PROPERTY AND SAID,False,0,0,0,9,0,0,0,52,0.0,0.0,True
VERY EXPENSIVE SHED,VERY EXPENSIVE SHED,True,0,0,0,3,0,0,0,19,0.0,0.0,True
WITHOUT MY SUNGLASSES,WITHOUT MY SUNGLASSES,False,0,0,0,3,0,0,0,21,0.0,0.0,True
EVEN THE FOREPLAY,EVEN THE FOUR PLAY,False,1,1,0,2,1,1,0,16,0.6666666666666666,0.11764705882352941,False
AND THEN WHEN IT CAME TO HIS SIGNATURE,AND THEN WHEN IT CAME TO HIS SIGNATURE,True,0,0,0,8,0,0,0,38,0.0,0.0,True
IT'S A BAKING SHOW,IT'S A BAKING SHOW,False,0,0,0,4,0,0,0,18,0.0,0.0,True
SHE'S PUSHED HERSELF,SHE'S PUSHED HERSELF,False,0,0,0,3,0,0,0,20,0.0,0.0,True
IT SOUNDS WRONG,IT SOUNDS WRONG,False,0,0,0,3,0,0,0,15,0.0,0.0,True
WHAT HAVE YOU LEARNED,WHAT HAVE YOU LEARNED,True,0,0,0,4,0,0,0,21,0.0,0.0,True
CHILDREN AND ADULTS ALIKE,CHILDREN AND ADULTS ALIKE,False,0,0,0,4,0,0,0,25,0.0,0.0,True
THAT'S A SHOCKING PERCENTAGE,THAT'S A SHOCKING PERCENTAGE,False,0,0,0,4,0,0,0,28,0.0,0.0,True
I'M JUST HOPEFUL,I'M JUST HOPEFUL,False,0,0,0,3,0,0,0,16,0.0,0.0,True
WE HAVE A LOT LESS ATMOSPHERE ABOVE US,WE HAVE A LOT LESS ATMOSPHERE ABOVE US,True,0,0,0,8,0,0,0,38,0.0,0.0,True
NO LONGER WOULD MEASUREMENT BE BASED ON THE HUMAN BODY,NO LONGER WOULD MEASUREMENT BE BASED ON THE HUMAN BODY,True,0,0,0,10,0,0,0,54,0.0,0.0,True
NO LONGER DEPENDENT ON THE SUN,NO LONGER DEPENDENT ON THE SUN,True,0,0,0,6,0,0,0,30,0.0,0.0,True
WHILE I'M SURROUNDED BY WATER RIGHT NOW,WHILE I'M SURROUNDED BY WATER RIGHT NOW,True,0,0,0,7,0,0,0,39,0.0,0.0,True
OUR CONTINUED PRESSURE,OUR CONTINUED PRESSURE,True,0,0,0,3,0,0,0,22,0.0,0.0,True
AND INFLAMMATORY PHOTOGRAPH,AND IN FLAMATORY PHOTOGRAPH,False,1,1,0,2,0,1,1,26,0.6666666666666666,0.07407407407407407,False
INFLAMMATORY OR TERRIBLE IMAGES,IN FLAMMATORY OR TERRIBLE IMAGES,True,1,1,0,3,0,1,0,31,0.5,0.03225806451612903,False
WE HAVE TO LOOK AT HOW SAUDI ARABIA,WE HAVE TO LOOK AT HOW SAUDI ARABIA,True,0,0,0,8,0,0,0,35,0.0,0.0,True
IN TERMS OF BRITAIN,IN TERMS OF BRITAIN,True,0,0,0,4,0,0,0,19,0.0,0.0,True
TO THE AVERAGE PERSON,TO THE AVERAGE PERSON,True,0,0,0,4,0,0,0,21,0.0,0.0,True
THERE'S A FAIR CHANCE YOU WILL BE,THERE'S A FAIR CHANCE YOU WILL BE,True,0,0,0,7,0,0,0,33,0.0,0.0,True
ABOUT 2 MILLION,ABOUT 2 MILLION,False,0,0,0,3,0,0,0,15,0.0,0.0,True
WHEN IT COMES TO THE ISSUE OF EQUAL MARRIAGE,WHEN IT COMES TO THE ISSUE OF EQUAL MARRIAGE,True,0,0,0,9,0,0,0,44,0.0,0.0,True
TO ALLOW BAD SURVEILLANCE TO WITHER ON THE VINE,TO ALLOW BAD SURVEILLANCE TO WITHER ON THE VINE,True,0,0,0,9,0,0,0,47,0.0,0.0,True
IF YOU DON'T LIKE THE SLOGAN,IF YOU DON'T LIKE THE SLOGAN,True,0,0,0,6,0,0,0,28,0.0,0.0,True
YOU HAVE A PROBLEM WITH IT,YOU HAVE A PROBLEM WITH IT,True,0,0,0,6,0,0,0,26,0.0,0.0,True
IN ALL SERIOUSNESS,IN ALL SERIOUSNESS,True,0,0,0,3,0,0,0,18,0.0,0.0,True
BUT IT HAS ESTABLISHED THE INFRASTRUCTURE OF A POLICE STATE AND IT COULD BE OPEN TO ABUSE IN THE,BUT IT HAS ESTABLISHED THE INFRASTRUCTURE OF A POLICE STATE AND IT COULD BE OPEN TO ABUSE IN THE,True,0,0,0,19,0,0,0,96,0.0,0.0,True
I HAVE NOTHING TO HIDE,I HAVE NOTHING TO HIDE,True,0,0,0,5,0,0,0,22,0.0,0.0,True
BETTER STREET LIGHTING CAN HELP,BETTER STREET LIGHTING CAN HELP,True,0,0,0,5,0,0,0,31,0.0,0.0,True
THE NEXT GENERATION,THE NEXT GENERATION,True,0,0,0,3,0,0,0,19,0.0,0.0,True
I'M NOT JEREMY VINE,I'M NOT JEREMY VINE,True,0,0,0,4,0,0,0,19,0.0,0.0,True
STANDING IN FOR YOUR REGULAR HOST FOR ONE WEEK ONLY,STANDING IN FOR YOUR REGULAR HOST FOR ONE WEEK ONLY,True,0,0,0,10,0,0,0,51,0.0,0.0,True
AND WHAT A PRIVILEGE THAT IS,AND WHAT A PRIVILEGE THAT IS,False,0,0,0,6,0,0,0,28,0.0,0.0,True
IF YOU'RE WATCHING,IF YOU'RE WATCHING,False,0,0,0,3,0,0,0,18,0.0,0.0,True
THAT'S ALL FOR THIS WEEK,THAT'S ALL FOR THIS WEEK,True,0,0,0,5,0,0,0,24,0.0,0.0,True
ACROSS 95 MILES,ACROSS 95 MILES,False,0,0,0,3,0,0,0,15,0.0,0.0,True
A FLOATING HOTEL,A FLOATING HOTEL,False,0,0,0,3,0,0,0,16,0.0,0.0,True
IN THE FORM OF A DESSERT PLATE,IN THE FORM OF A DESSERT PLATE,True,0,0,0,7,0,0,0,30,0.0,0.0,True
REGARDING ONE OF BRITAIN'S MOST NOTED,REGARDING ONE OF BRITAIN'S MOST NOTED,True,0,0,0,6,0,0,0,37,0.0,0.0,True
THAT MAKES A GRAND TOTAL OF SIX,THAT MAKES A GRAND TOTAL OF 6,False,1,0,0,6,1,0,2,28,0.14285714285714285,0.0967741935483871,False
IN A MODERN HOUSE,IN A MODERN HOUSE,True,0,0,0,4,0,0,0,17,0.0,0.0,True
THE PERFECT PINT,THE PERFECT PAINT,False,1,0,0,2,0,1,0,16,0.3333333333333333,0.0625,False
THEY'RE ALL ABOUT THE SAME,THEY'RE ALL ABOUT THE SAME,False,0,0,0,5,0,0,0,26,0.0,0.0,True
WE HAVE RUN OUT OF TIME,WE HAVE RUN OUT OF TIME,True,0,0,0,6,0,0,0,23,0.0,0.0,True
LOUISE AND KEVIN,LOUISE AND KEVIN,False,0,0,0,3,0,0,0,16,0.0,0.0,True
NOW THEY ARE GATHERING,NOW THEY ARE GATHERING,True,0,0,0,4,0,0,0,22,0.0,0.0,True
ALL LIFE IN THE ARCTIC,ALL LIFE IN THE ARCTIC,True,0,0,0,5,0,0,0,22,0.0,0.0,True
COULD WE ARRANGE THAT,COULD WE ARRANGE THAT,True,0,0,0,4,0,0,0,21,0.0,0.0,True
I WAS FINE YESTERDAY,I WAS FINE YESTERDAY,True,0,0,0,4,0,0,0,20,0.0,0.0,True
LET'S NOT MESS ABOUT,LET'S NOT MESS ABOUT,True,0,0,0,4,0,0,0,20,0.0,0.0,True
WHAT I CAN TELL YOU,WHAT I CAN TELL YOU,True,0,0,0,5,0,0,0,19,0.0,0.0,True
THIS IS SOUTH WELL,THIS IS SOUTHWELL,False,1,0,1,2,0,0,1,17,0.5,0.05555555555555555,False
THE ROMANS FELT THEIR PRESENCE WAS STRONG ENOUGH HERE,THE ROMANS FELT THEIR PRESENCE WAS STRONG ENOUGH HERE,True,0,0,0,9,0,0,0,53,0.0,0.0,True
TO SAY TO THE KING,TO SAY TO THE KING,True,0,0,0,5,0,0,0,18,0.0,0.0,True
WHEN HE WAS STAYING AT THE PALACE,WHEN HE WAS STAYING AT THE PALACE,True,0,0,0,7,0,0,0,33,0.0,0.0,True
HOME TO AN ANIMAL THAT IS RIGHT AT THE TOP OF THE FOOD CHAIN,HOME TO AN ANIMAL THAT IS RIGHT AT THE TOP OF THE FOOD CHAIN,True,0,0,0,14,0,0,0,60,0.0,0.0,True
LITERALLY TWO MINUTES FROM THE AIRPORT,LITERALLY TWO MINUTES FROM THE AIRPORT,True,0,0,0,6,0,0,0,38,0.0,0.0,True
MAYBE MORE OF STEEL AND IRON,MAYBE MORE OF STEEL AND IRON,True,0,0,0,6,0,0,0,28,0.0,0.0,True
WHICH MELTS MORE ICE,WHICH MELTS MORE ICE,True,0,0,0,4,0,0,0,20,0.0,0.0,True
THINK ABOUT THE MELTING SEA ICE,THINK ABOUT THE MELTING ICE,True,0,0,1,5,0,0,4,27,0.16666666666666666,0.12903225806451613,False
AGAIN OPEN TO THE ELEMENTS,AGAIN OPEN TO THE ELEMENTS,True,0,0,0,5,0,0,0,26,0.0,0.0,True
VERY ATTRACTIVE YOUNG WOMAN,VERY ATTRACTIVE YOUNG WOMAN,True,0,0,0,4,0,0,0,27,0.0,0.0,True
AND THAT HAD AN IMPORTANT EFFECT,AND THAT HAD AN IMPORTANT EFFECT,True,0,0,0,6,0,0,0,32,0.0,0.0,True
PROVIDED BY THE RAILWAYS,PROVIDED BY THE RAILWAYS,True,0,0,0,4,0,0,0,24,0.0,0.0,True
THE GREAT THING ABOUT THE RAILWAYS IS,THE GREAT THING ABOUT THE RAILWAYS IS,False,0,0,0,7,0,0,0,37,0.0,0.0,True
EVERYONE ARRIVES AT THE SAME PLACE AT THE SAME TIME,EVERYONE ARRIVES AT THE SAME PLACE AT THE same TIME,False,1,0,0,9,4,0,0,47,0.1,0.0784313725490196,True
THERE IS ONE THING,THERE IS ONE THING,True,0,0,0,4,0,0,0,18,0.0,0.0,True
IT MIGHT BE BONFIRE NIGHT,IT MIGHT BE BONFIRE NIGHT,True,0,0,0,5,0,0,0,25,0.0,0.0,True
OF COURSE IT WILL,OF COURSE IT WILL,True,0,0,0,4,0,0,0,17,0.0,0.0,True
TODAY'S CONTESTANTS ARE,TODAY'S CONTESTANTS ARE,True,0,0,0,3,0,0,0,23,0.0,0.0,True
I FEEL GUILTY WHEN I'M AT HOME,I FEEL GUILTY WHEN I'M AT HOME,True,0,0,0,7,0,0,0,30,0.0,0.0,True
I WILL ALWAYS NEED YOU,I WILL ALWAYS NEED YOU,True,0,0,0,5,0,0,0,22,0.0,0.0,True
AS YOU MIGHT SAY,AS YOU MIGHT SAY,True,0,0,0,4,0,0,0,16,0.0,0.0,True
BUT MY GOODNESS,BUT MY GOODNESS,True,0,0,0,3,0,0,0,15,0.0,0.0,True
ALSO KNOWN AS A TANDEM,ALSO KNOWN AS A TANDEM,False,0,0,0,5,0,0,0,22,0.0,0.0,True
SO I THINK IT IS A PIECE OF VERY ONE DIMENSIONAL LEFT WING PROPAGANDA,SO I THINK IT IS A PIECE OF VERY ONE DIMENSIONAL LEFT WING PROPAGANDA,True,0,0,0,14,0,0,0,69,0.0,0.0,True
THERE IS A HUGE CROSSOVER BETWEEN THE TWO,THERE IS A HUGE CROSS OVER BETWEEN THE TWO,True,1,1,0,7,0,1,0,41,0.25,0.024390243902439025,False
TAX CREDITS ARE BASICALLY BENEFITS,TAX CREDITS ARE BASICALLY BENEFITS,True,0,0,0,5,0,0,0,34,0.0,0.0,True
FORMERLY KNOWN AS SIMON,FORMERLY KNOWN AS SIMON,False,0,0,0,4,0,0,0,23,0.0,0.0,True
I FEEL LIKE THIS,I FEEL LIKE THIS,True,0,0,0,4,0,0,0,16,0.0,0.0,True
BECAUSE THAT'S HOW YOU ARE A PART OF SOCIETY,BECAUSE THAT'S HOW YOU ARE A PART OF SOCIETY,True,0,0,0,9,0,0,0,44,0.0,0.0,True
BEFORE I CAME OUT,BEFORE I CAME OUT,True,0,0,0,4,0,0,0,17,0.0,0.0,True
OR MORE CORRECTLY COUNCILS,OR MORE CORRECTLY COUNCILS,True,0,0,0,4,0,0,0,26,0.0,0.0,True
ESPECIALLY AS IT RELATES TO CHILDREN,ESPECIALLY AS IT RELATES TO CHILDREN,True,0,0,0,6,0,0,0,36,0.0,0.0,True
THEY ARE CHILDREN,THEY ARE CHILDREN,True,0,0,0,3,0,0,0,17,0.0,0.0,True
I DO HOPE YOU'LL JOIN US THEN,I DO HOPE YOU'LL JOIN US THEN,True,0,0,0,7,0,0,0,29,0.0,0.0,True
ISLAM ALLOWS POLYGAMY,ISLAM ALLOWS POLIGAMY,False,1,0,0,2,1,0,0,20,0.3333333333333333,0.047619047619047616,False
IF YOU HAVEN'T CAUGHT IT YET,IF YOU HAVEN'T CAUGHT IT YET,True,0,0,0,6,0,0,0,28,0.0,0.0,True
HERSELF CURRENTLY LEARNING TO SIGN,HERSELF CURRENTLY LEARNING TO SIGN,True,0,0,0,5,0,0,0,34,0.0,0.0,True
SOME PEOPLE HERE TONIGHT PREFER SUBTITLES,SOME PEOPLE HERE TONIGHT PREFER SUBTITLES,True,0,0,0,6,0,0,0,41,0.0,0.0,True
SURELY AS A MATTER OF PRINCIPLE,SURELY AS A MATTER OF PRINCIPLE,True,0,0,0,6,0,0,0,31,0.0,0.0,True
IF YOU'RE WATCHING,IF YOU'RE WATCHING,False,0,0,0,3,0,0,0,18,0.0,0.0,True
STANDARD RATES APPLY,STANDARD RATES APPLY,False,0,0,0,3,0,0,0,20,0.0,0.0,True
HASN'T TIME FLOWN,HASN'T TIME FLOWN,False,0,0,0,3,0,0,0,17,0.0,0.0,True
WHEN MY HUSBAND AND I ARE NOT AROUND,WHEN MY HUSBAND AND I ARE NOT AROUND,True,0,0,0,8,0,0,0,36,0.0,0.0,True
ASKING FOR PERMISSION,ASKING FOR PERMISSION,True,0,0,0,3,0,0,0,21,0.0,0.0,True
AND IT WAS TOTALLY NORMAL,AND IT WAS TOTALLY NORMAL,False,0,0,0,5,0,0,0,25,0.0,0.0,True
THAT SOUNDS LIKE A PRETTY CRAZY JOB FOR ANYONE TO BE DOING,THAT SOUNDS LIKE A PRETTY CRAZY JOB FOR ANYONE TO BE DOING,True,0,0,0,12,0,0,0,58,0.0,0.0,True
ALL MY FINGERS WERE HANGING OFF,ALL MY FINGERS WERE HANGING OFF,False,0,0,0,6,0,0,0,31,0.0,0.0,True
I WENT TO USE MY RIGHT ARM,I WENT TO USE MY RIGHT ARM,True,0,0,0,7,0,0,0,26,0.0,0.0,True
HE WAS SHOT AND KILLED,HE WAS SHOT AND KILLED,False,0,0,0,5,0,0,0,22,0.0,0.0,True
IF I DIDN'T HAVE HER,IF I DIDN'T HAVE HER,True,0,0,0,5,0,0,0,20,0.0,0.0,True
I'M WITH MARK TWAIN LIES,I'M WITH MARK TWAIN LIES,True,0,0,0,5,0,0,0,24,0.0,0.0,True
IT'S THE INTERNET,IT'S THE INTERNET,False,0,0,0,3,0,0,0,17,0.0,0.0,True
AND I'M WARNING YOU,AND I'M WARNING YOU,True,0,0,0,4,0,0,0,19,0.0,0.0,True
IN THE BASEMENT,IN THE BASEMENT,True,0,0,0,3,0,0,0,15,0.0,0.0,True
THEY HAVEN'T GONE FAR,THEY HAVEN'T GONE FAR,False,0,0,0,4,0,0,0,21,0.0,0.0,True
TIME NOW FOR ONE OF THE GREATEST TV COMEBACKS OF OUR TIME,TIME NOW FOR ONE OF THE GREATEST TV COMEBACKS OF OUR TIME,True,0,0,0,12,0,0,0,57,0.0,0.0,True
HAROLD IN NEIGHBOURS,HAROLD IN NEIGHBOURS,True,0,0,0,3,0,0,0,20,0.0,0.0,True
WE NEED TO START LAYERING,WE NEED TO START LAYERING,True,0,0,0,5,0,0,0,25,0.0,0.0,True
ONE WAS A PILOT,ONE WAS A PILOT,True,0,0,0,4,0,0,0,15,0.0,0.0,True
SURRENDER WAS NOT AN OPTION,SURRENDER WAS NOT AN OPTION,True,0,0,0,5,0,0,0,27,0.0,0.0,True
MANY WERE TEENAGERS ABOUT TO GET THEIR FIRST TASTE OF WAR,MANY WERE TEENAGERS ABOUT TO GET THEIR FIRST TASTE OF WAR,True,0,0,0,11,0,0,0,57,0.0,0.0,True
HE DIED THAT VERY FIRST DAY,HE DIED THAT VERY FIRST DAY,True,0,0,0,6,0,0,0,27,0.0,0.0,True
THIS IS ONE OF THE QUESTIONS,THIS IS ONE OF THE QUESTIONS,True,0,0,0,6,0,0,0,28,0.0,0.0,True
CELEBRATING 100 YEARS OF WAR FILMS,CELEBRATING 100 YEARS OF WAR FILMS,True,0,0,0,6,0,0,0,34,0.0,0.0,True
WHERE I'M GOING,WHERE I'M GOING,True,0,0,0,3,0,0,0,15,0.0,0.0,True
BUT TEN YEARS AGO,BUT 10 YEARS AGO,True,1,0,0,3,2,0,1,14,0.25,0.17647058823529413,False
IT COULD END TONIGHT,IT COULD END TONIGHT,False,0,0,0,4,0,0,0,20,0.0,0.0,True
BACK IN SIERRA LEONE,BACK IN SIERRA LEONE,True,0,0,0,4,0,0,0,20,0.0,0.0,True
AND THIS WASN'T UNUSUAL,AND THIS WASN'T UNUSUAL,False,0,0,0,4,0,0,0,23,0.0,0.0,True
AS WELL AS THE BODY,AS WELL AS THE BODY,False,0,0,0,5,0,0,0,19,0.0,0.0,True
GIVING HOPE AND CARE TO OTHERS IS SOMETHING OUR ARMED FORCES DO WITHOUT QUESTION,GIVING HOPE AND CARE TO OTHERS IS SOMETHING OUR ARMED FORCES DO WITHOUT QUESTION,True,0,0,0,14,0,0,0,80,0.0,0.0,True
WE HEARD THE STORY OF THE NURSE ANNA CROSS,WE HEARD THE STORY OF THE NURSE ANNE ACROSS,True,2,0,0,7,1,1,0,41,0.2222222222222222,0.047619047619047616,False
TO HAVE NO CONTACT AT ALL,TO HAVE NO CONTACT AT ALL,True,0,0,0,6,0,0,0,25,0.0,0.0,True
SHE NEEDS TO MAKE SURE THAT,SHE NEEDS TO MAKE SURE THAT,True,0,0,0,6,0,0,0,27,0.0,0.0,True
THEY DON'T CALL THEM TEAM POCKET ROCKET FOR NOTHING,THEY DON'T CALL THEM TEAM POCKET ROCKET FOR NOTHING,True,0,0,0,9,0,0,0,51,0.0,0.0,True
AND THE WEATHER HAS BEEN PERFECT,AND THE WEATHER HAS BEEN PERFECT,True,0,0,0,6,0,0,0,32,0.0,0.0,True
COURAGE UNDER FIRE,COURAGE UNDER FIRE,False,0,0,0,3,0,0,0,18,0.0,0.0,True
MOST OF HIS LIFE,MOST OF HIS LIFE,False,0,0,0,4,0,0,0,16,0.0,0.0,True
THIS IS THE LORD ASHCROFT GALLERY,THIS IS THE LORD ASHCROFT GALLERY,False,0,0,0,6,0,0,0,33,0.0,0.0,True
TRAPPED UNDER HEAVY ARTILLERY FIRE,TRAPPED UNDER HEAVY ARTILLERY FIRE,False,0,0,0,5,0,0,0,34,0.0,0.0,True
TEN DAYS BEFOREHAND,TEN DAYS BEFORE HAND,False,1,1,0,2,0,1,0,19,0.6666666666666666,0.05263157894736842,False
THE PRESIDENT ELECT HAS MET WITH PRESIDENT OBAMA,THE PRESIDENT ELECT HAS MET WITH PRESIDENT OBAMA,False,0,0,0,8,0,0,0,48,0.0,0.0,True
MR TRUMP TAKES OFFICE IN JANUARY,MR TRUMP TAKES OFFICE IN JANUARY,True,0,0,0,6,0,0,0,32,0.0,0.0,True
TODAY THEY TALKED ABOUT THE PROCESS OF TRANSITION,TODAY THEY TALKED ABOUT THE PROCESS OF TRANSITION,False,0,0,0,8,0,0,0,49,0.0,0.0,True
WE HAVE ALL THE USUAL SUSPECTS,WE HAVE ALL THE USUAL SUSPECTS,True,0,0,0,6,0,0,0,30,0.0,0.0,True
ANYWHERE IN THE WORLD,ANYWHERE IN THE WORLD,True,0,0,0,4,0,0,0,21,0.0,0.0,True
DEMONSTRATES THE VALUE OF GREEN SPACE,DEMONSTRATES THE VALUE OF GREEN SPACE,False,0,0,0,6,0,0,0,37,0.0,0.0,True
SO TEN CUBIC METRES,SO 10 CUBIC METRES,True,1,0,0,3,2,0,1,16,0.25,0.15789473684210525,False
I JUST COLLAPSED,I JUST COLLAPSED,True,0,0,0,3,0,0,0,16,0.0,0.0,True
I'VE BEEN INVOLVED WITH THE MILITARY,I'VE BEEN INVOLVED WITH THE MILITARY,True,0,0,0,6,0,0,0,36,0.0,0.0,True
THE ARMED FORCES,THE ARMED FORCES,False,0,0,0,3,0,0,0,16,0.0,0.0,True
THAT KNOCK ON THE DOOR IS A MOMENT THEY WILL NEVER FORGET,THAT KNOCK ON THE DOOR IS A MOMENT THEY WILL NEVER FORGET,False,0,0,0,12,0,0,0,57,0.0,0.0,True
WHO WAS KILLED IN AFGHANISTAN,WHO WAS KILLED IN AFGHANISTAN,True,0,0,0,5,0,0,0,29,0.0,0.0,True
ON A ROUTINE VISIT TO AN IRAQI POLICE STATION,ON A ROUTINE VISIT TO AN IRAQI POLICE STATION,True,0,0,0,9,0,0,0,45,0.0,0.0,True
KILLING HIM AND FIVE FRIENDS,KILLING HIM AND FIVE FRIENDS,True,0,0,0,5,0,0,0,28,0.0,0.0,True
IT WON'T TAKE A MOMENT,IT WON'T TAKE A MOMENT,False,0,0,0,5,0,0,0,22,0.0,0.0,True
SO WHAT IS THE ETIQUETTE,SO WHAT IS THE ETHIC,True,1,0,0,4,1,1,5,18,0.2,0.2916666666666667,False
BETWEEN THEM NOW,BETWEEN THEM NOW,False,0,0,0,3,0,0,0,16,0.0,0.0,True
I HAVE HAD MY FITTING NOW,I HAVE HAD MY FITTING NOW,True,0,0,0,6,0,0,0,25,0.0,0.0,True
MR KHAN SPEAKING,MR CONNIE SPEAKING,True,1,0,0,2,3,2,0,13,0.3333333333333333,0.3125,False
IF WE HAVE LEARNED ONE THING OVER THE PAST YEAR,IF WE HAVE LEARNED ONE THING OVER THE PAST YEAR,True,0,0,0,10,0,0,0,47,0.0,0.0,True
I DON'T REALLY WANT TO GO,I DON'T REALLY WANT TO GO,True,0,0,0,6,0,0,0,25,0.0,0.0,True
RISING ABOVE IT,RISING ABOVE IT,False,0,0,0,3,0,0,0,15,0.0,0.0,True
THE OLYMPIC SWIMMER,THE OLYMPICS SWIMMER,False,1,0,0,2,0,1,0,19,0.3333333333333333,0.05263157894736842,False
I WISH I WAS MORE LIKE YOU,I WISH I WAS MORE LIKE YOU,True,0,0,0,7,0,0,0,26,0.0,0.0,True
WHY DON'T WE ALL JUST GET ALONG,WHY DON'T WE ALL JUST GET ALONG,True,0,0,0,7,0,0,0,31,0.0,0.0,True
A TRIBAL NATION,A TRIBAL NATION,False,0,0,0,3,0,0,0,15,0.0,0.0,True
WHICH UPSET SOME OF OUR FEMALE RESIDENTS,WHICH UPSETS SOME OF OUR FEMALE RESIDENTS,True,1,0,0,6,0,1,0,40,0.14285714285714285,0.025,False
PUERTO RICAN STYLE,PWARE TO RECONSTRUCT,False,3,0,0,0,7,3,1,10,1.0,0.6111111111111112,False
IT WAS REALLY NICE,IT WAS REALLY NICE,False,0,0,0,4,0,0,0,18,0.0,0.0,True
YOU WON'T HAVE LONG,YOU WON'T HAVE LONG,True,0,0,0,4,0,0,0,19,0.0,0.0,True
ON THIS REMEMBRANCE WEEKEND,ON THIS REMEMBRANCE WEEKEND,False,0,0,0,4,0,0,0,27,0.0,0.0,True
AN OPPORTUNITY TO PAY TRIBUTE TO ALL MEMBERS OF THE ARMED FORCES,AN OPPORTUNITY TO PAY TRIBUTE TO ALL MEMBERS OF THE ARMED FORCES,True,0,0,0,12,0,0,0,64,0.0,0.0,True
WE WOULD LOVE TO SELL IT,WE WOULD LOVE TO SELL IT,True,0,0,0,6,0,0,0,24,0.0,0.0,True
ONLY SEVEN PLACES REMAIN,ONLY SEVEN PLACES REMAIN,False,0,0,0,4,0,0,0,24,0.0,0.0,True
GREAT LEONARD COHEN,GREAT LEONARD COHEN,False,0,0,0,3,0,0,0,19,0.0,0.0,True
I LOVE WEDDINGS,I LOVE WEEDINGS,True,1,0,0,2,1,0,0,14,0.3333333333333333,0.06666666666666667,False
I'VE GOT A BETTER IDEA,I'VE GOT A BETTER IDEA,False,0,0,0,5,0,0,0,22,0.0,0.0,True
WHY DON'T WE ALL OBJECT,WHY DON'T WE ALL OBJECT,True,0,0,0,5,0,0,0,23,0.0,0.0,True
THAT WAS AMAZING,THAT WAS AMAZING,False,0,0,0,3,0,0,0,16,0.0,0.0,True
IT WAS AN INCREDIBLE PERFORMANCE,IT WAS AN INCREDIBLE PERFORMANCE,True,0,0,0,5,0,0,0,32,0.0,0.0,True
IT WAS INCREDIBLE ENTERTAINMENT,IT WAS INCREDIBLE ENTERTAINMENT,False,0,0,0,4,0,0,0,31,0.0,0.0,True
UP UNTIL LAST WEEK,UP UNTIL LAST WEEK,True,0,0,0,4,0,0,0,18,0.0,0.0,True
THE MAN TAKES THE LEAD,THE MAN TAKES THE LEAD,True,0,0,0,5,0,0,0,22,0.0,0.0,True
IT'S TIME NOW FOR EVERYTHING IN BETWEEN,IT'S TIME NOW FOR EVERYTHING IN BETWEEN,True,0,0,0,7,0,0,0,39,0.0,0.0,True
I REALLY APPRECIATE IT,I REALLY APPRECIATE IT,True,0,0,0,4,0,0,0,22,0.0,0.0,True
AND YOU'VE GOT EVERY RIGHT TO BE,AND YOU'VE GOT EVERY RIGHT TO BE,True,0,0,0,7,0,0,0,32,0.0,0.0,True
THAT WAS FAST AND FURIOUS,THAT WAS FAST AND FURIOUS,False,0,0,0,5,0,0,0,25,0.0,0.0,True
THAT'S NOT AN ANCIENT ROMAN MASK,THAT'S NOT AN ANCIENT ROMAN MASK,True,0,0,0,6,0,0,0,32,0.0,0.0,True
HE'S JAPANESE MADE,HE'S JAPANESE MADE,True,0,0,0,3,0,0,0,18,0.0,0.0,True
WHICH A LOT OF THEM WERE,WHICH A LOT OF THEM WERE,True,0,0,0,6,0,0,0,24,0.0,0.0,True
OUR JOURNEY ISN'T OVER YET,OUR JOURNEY ISN'T OVER YET,True,0,0,0,5,0,0,0,26,0.0,0.0,True
AND IT'S NOT JUST ANY OLD TUESDAY,AND IT'S NOT JUST ANY OLD TUESDAY,True,0,0,0,7,0,0,0,33,0.0,0.0,True
WHO KNEW THAT ONE MAN,WHO KNEW THAT ONE MAN,True,0,0,0,5,0,0,0,21,0.0,0.0,True
BUT IT MIGHT BE TOO LATE BY THEN,BUT IT MIGHT BE TOO LATE BY THEN,True,0,0,0,8,0,0,0,32,0.0,0.0,True
FROM WHAT WE KNOW,FROM WHAT WE KNOW,True,0,0,0,4,0,0,0,17,0.0,0.0,True
GRAHAM BARON ASH,GRAHAM BARRENASH,True,1,0,1,1,1,1,1,14,0.6666666666666666,0.1875,False
AND THEY WERE THE FIRST PEOPLE,AND THEY WERE THE FIRST PEOPLE,False,0,0,0,6,0,0,0,30,0.0,0.0,True
FURNITURE OR OBJECTS LIKE THAT,FURNITURE OR OBJECTS LIKE THAT,True,0,0,0,5,0,0,0,30,0.0,0.0,True
IT WAS MADE IN GERMANY,IT WAS MADE IN GERMANY,True,0,0,0,5,0,0,0,22,0.0,0.0,True
NO ONE WOULD LOOK TWICE,NO ONE WOULD LOOK TWICE,True,0,0,0,5,0,0,0,23,0.0,0.0,True
THEY WERE SO INSPIRED BY IT,THEY WERE SO INSPIRED BY IT,True,0,0,0,6,0,0,0,27,0.0,0.0,True
LEARN AS MUCH AS POSSIBLE,LEARN AS MUCH AS POSSIBLE,False,0,0,0,5,0,0,0,25,0.0,0.0,True
KEEP GOING ON ABOUT THIS,KEEP GOING ON ABOUT THIS,False,0,0,0,5,0,0,0,24,0.0,0.0,True
I DO NOTHING WRONG,I DO NOTHING WRONG,True,0,0,0,4,0,0,0,18,0.0,0.0,True
THIS IS WHERE THE SURPRISES HAPPEN,THIS IS WHERE THE SURPRISES HAPPEN,True,0,0,0,6,0,0,0,34,0.0,0.0,True
IT'S TIME TO RETURN TO WOLVERHAMPTON,IT'S TIME TO RETURN TO WOLVERHAMPTON,True,0,0,0,6,0,0,0,36,0.0,0.0,True
THEY DECIDED TO TIE THE KNOT,THEY DECIDED TO TIE THE KNOT,True,0,0,0,6,0,0,0,28,0.0,0.0,True
EVERYWHERE YOU GO AROUND HERE,EVERYWHERE YOU GO AROUND HERE,True,0,0,0,5,0,0,0,29,0.0,0.0,True
WE HAVE SOME UNFINISHED BUSINESS TO DO IN THE AUCTION ROOM,WE HAVE SOME UNFINISHED BUSINESS TO DO IN THE AUCTION ROOM,True,0,0,0,11,0,0,0,58,0.0,0.0,True
WE HAVE GONE DIGITAL,WE HAVE GONE DIGITAL,True,0,0,0,4,0,0,0,20,0.0,0.0,True
AND AFTER REACHING OUT TO HIM ON THE SHOW,AND AFTER REACHING OUT TO HIM ON THE SHOW,True,0,0,0,9,0,0,0,41,0.0,0.0,True
RUN FOR COVER IF YOU CAN,RUN FOR COVER IF YOU CAN,True,0,0,0,6,0,0,0,24,0.0,0.0,True
THEY ARE UNDER A LOT OF STRESS,THEY ARE UNDER A LOT OF STRESS,True,0,0,0,7,0,0,0,30,0.0,0.0,True
WELCOME TO THE TOWER,WELCOME TO THE TOWER,True,0,0,0,4,0,0,0,20,0.0,0.0,True
WAS IT YOUR CHOICE,WAS IT YOUR CHOICE,False,0,0,0,4,0,0,0,18,0.0,0.0,True
YOU REALLY FEEL A PART OF IT,YOU REALLY FEEL A PART OF IT,True,0,0,0,7,0,0,0,28,0.0,0.0,True
SO WONDERFUL TO SEE THAT,SO WONDERFUL TO SEE THAT,True,0,0,0,5,0,0,0,24,0.0,0.0,True
FOR ME IT DOESN'T MAKE SENSE,FOR ME IT DOESN'T MAKE SENSE,True,0,0,0,6,0,0,0,28,0.0,0.0,True
IF WE HAVE A BELIEF IN REINCARNATION,IF WE HAVE A BELIEF IN REINCARNATION,True,0,0,0,7,0,0,0,36,0.0,0.0,True
EVEN THOUGH HER FATHER AT THAT TIME DISAGREED,EVEN THOUGH HER FATHER AT THAT TIME DISAGREED,False,0,0,0,8,0,0,0,45,0.0,0.0,True
SO WHEN THE BODY IS BROUGHT BACK,SO WHEN THE BODY IS BROUGHT BACK,True,0,0,0,7,0,0,0,32,0.0,0.0,True
MY FIRST GRANDDAUGHTER,MY FIRST GRANDDAUGHTER,False,0,0,0,3,0,0,0,22,0.0,0.0,True
NON VIOLENT OFFENCES,NON VIOLENT OFFENCES,False,0,0,0,3,0,0,0,20,0.0,0.0,True
THERE ARE A LOT OF PEOPLE,THERE ARE A LOT OF PEOPLE,True,0,0,0,6,0,0,0,25,0.0,0.0,True
BUT I COME ACROSS TRAINING PRISONS NOW,BUT I COME ACROSS TRAINING PRISONS NOW,True,0,0,0,7,0,0,0,38,0.0,0.0,True
THE COST OF THIS FAILURE,THE COST OF THIS FAILURE,False,0,0,0,5,0,0,0,24,0.0,0.0,True
THE AVERAGE COST OF KEEPING A PERSON IN PRISON IS 36,THE AVERAGE COST OF KEEPING A PERSON IN PRISON IS 36,True,0,0,0,11,0,0,0,52,0.0,0.0,True
THE MOST FAMOUS OF THEM ALL HAVE TO BE THE WORKS OF THE BRONTE SISTERS,THE MOST FAMOUS OF THEM ALL HAVE TO BE THE WORKS OF THE BRONTË SISTERS,True,1,0,0,14,1,0,0,69,0.06666666666666667,0.014285714285714285,False
IN TERMS OF FIRE SERVICE RESOURCES,IN TERMS OF FIRE SERVICE RESOURCES,True,0,0,0,6,0,0,0,34,0.0,0.0,True
RATHER THAN USING DRUGS,RATHER THAN USING DRUGS,False,0,0,0,4,0,0,0,23,0.0,0.0,True
HAVE YOU ORDERED YOURS YET,HAVE YOU ORDERED YOURS YET,True,0,0,0,5,0,0,0,26,0.0,0.0,True
BUT THESE ARE ONE OF THE MOST WARY BIRDS IN THE WORLD,BUT THESE ARE ONE OF THE MOST WARY BIRDS IN THE WORLD,True,0,0,0,12,0,0,0,53,0.0,0.0,True
THAT'S NOT WHAT I WAS EXPECTING AT ALL,THAT'S NOT WHAT I WAS EXPECTING AT ALL,True,0,0,0,8,0,0,0,38,0.0,0.0,True
I LOVE SYLLABLES,I LOVE SYLLABLES,True,0,0,0,3,0,0,0,16,0.0,0.0,True
AND YOU KNOW WHAT THIS MEANS,AND YOU KNOW WHAT THIS MEANS,True,0,0,0,6,0,0,0,28,0.0,0.0,True
WE MIGHT FIND SOME MARITIME MEMORABILIA,WE MIGHT FIND SOME MARATIME MEMORABILIA,True,1,0,0,5,1,0,0,38,0.16666666666666666,0.02564102564102564,False
IT'S A WONDERFUL,IT'S A WONDERFUL,False,0,0,0,3,0,0,0,16,0.0,0.0,True
STOCKS AND SHARES,STOCKS AND SHARES,False,0,0,0,3,0,0,0,17,0.0,0.0,True
AND IN THE PROCESS OF ME NOT OFFENDING GOD,AND IN THE PROCESS OF ME NOT OFFERING GOD,True,1,0,0,8,1,0,1,40,0.1111111111111111,0.047619047619047616,False
I DON'T CARE WHAT THE COST IS,I DON'T CARE WHAT THE COST IS,True,0,0,0,7,0,0,0,29,0.0,0.0,True
BECAUSE THE WHOLE POINT OF 9 11 IS THAT IT'S THE JUSTIFICATION FOR THE POLICE STATE,BECAUSE THE WHOLE POINT OF 9/11 IS THAT IT'S THE JUSTIFICATION FOR THE POLICE STATE,True,1,0,1,14,1,0,0,82,0.125,0.012048192771084338,False
AND I GUESS THAT'S WHAT'S HAPPENING HERE,AND I GUESS THAT'S WHAT'S HAPPENING HERE,True,0,0,0,7,0,0,0,40,0.0,0.0,True
AND FROM WHAT I'VE HEARD,AND FROM WHAT I'VE HEARD,True,0,0,0,5,0,0,0,24,0.0,0.0,True
AND IT'S ALL ABOUT THE CONTEXT,AND IT'S ALL ABOUT THE CONTEXT,False,0,0,0,6,0,0,0,30,0.0,0.0,True
CHILD OF THE MILLENNIUM,CHILD OF THE MOLYNEUX,False,1,0,0,3,4,0,2,17,0.25,0.2608695652173913,False
TWO APPOINTMENTS LATER,TWO APPOINTMENTS LATER,True,0,0,0,3,0,0,0,22,0.0,0.0,True
THE MAN WHO CARES ABOUT ANIMALS,THE MAN WHO CARES ABOUT ANIMALS,False,0,0,0,6,0,0,0,31,0.0,0.0,True
GUESS WHAT I'M TALKING ABOUT RIGHT NOW,GUESS WHAT I'M TALKING ABOUT RIGHT NOW,True,0,0,0,7,0,0,0,38,0.0,0.0,True
HERE TO GIVE US A RUNDOWN OF THE GREATEST FACIAL CHOREOGRAPHY EVER SEEN ON THE BOX,HERE TO GIVE US A RUN DOWN OF THE GREATEST FAMILIAL CHOREOGRAPHY EVER SEEN ON THE BOX,True,2,1,0,14,1,3,0,81,0.1875,0.04878048780487805,False
FACE TO REALLY TELL THE STORY,FACE TO REALLY TELL THE STORY,True,0,0,0,6,0,0,0,29,0.0,0.0,True
GET YOURSELF OVER HERE BECAUSE FIRST UP TONIGHT,GET YOURSELF OVER HERE BECAUSE FIRST UP TONIGHT,True,0,0,0,8,0,0,0,47,0.0,0.0,True
IF YOU WANT TO KNOW WHAT THE KIDS ARE LISTENING TO THESE DAYS,IF YOU WANT TO KNOW WHAT THE KIDS ARE LISTENING TO THESE DAYS,True,0,0,0,13,0,0,0,61,0.0,0.0,True
LOUISE AND KEVIN,LOUISE AND KEVIN,False,0,0,0,3,0,0,0,16,0.0,0.0,True
AND IT'S THE ONE THAT,AND IT'S THE ONE THAT,True,0,0,0,5,0,0,0,21,0.0,0.0,True
THAT WAS BEAUTIFUL,THAT WAS BEAUTIFUL,False,0,0,0,3,0,0,0,18,0.0,0.0,True
ON INTERNATIONAL WOMEN'S DAY,ON INTERNATIONAL WOMEN'S DAY,True,0,0,0,4,0,0,0,28,0.0,0.0,True
AND WENT ON THE ORDINARY WING,AND WENT ON THE ORDINARY WING,False,0,0,0,6,0,0,0,29,0.0,0.0,True
THE DUKE OF GLOUCESTER,THE DUKE OF GLOSTER,False,1,0,0,3,0,0,3,19,0.25,0.13636363636363635,False
AND YOU KNOW THAT,AND YOU KNOW THAT,True,0,0,0,4,0,0,0,17,0.0,0.0,True
WE HAVE THE DELECTABLE NEIL JONES,WE HAVE THE DELICATE ALUMNI,True,2,0,1,3,6,0,6,21,0.5,0.36363636363636365,False
THAT WAS SOME TIME AGO,THAT WAS SOME TIME AGO,True,0,0,0,5,0,0,0,22,0.0,0.0,True
REAL FRIENDS THAT CARE ABOUT ME,REAL FRIENDS THAT CARE ABOUT ME,True,0,0,0,6,0,0,0,31,0.0,0.0,True
CLEARLY THEY DO,CLEARLY THEY DO,True,0,0,0,3,0,0,0,15,0.0,0.0,True
YOU DON'T NEED IT,YOU DON'T NEED IT,True,0,0,0,4,0,0,0,17,0.0,0.0,True
THE REASON BEING,THE REASON BEING,False,0,0,0,3,0,0,0,16,0.0,0.0,True
THE PRESIDENT'S CHAIR,THE PRESIDENT'S CHAIR,False,0,0,0,3,0,0,0,21,0.0,0.0,True
NOT TO THINK FOR THEMSELVES,NOT TO THINK FOR THEMSELVES,True,0,0,0,5,0,0,0,27,0.0,0.0,True
WITH MY BLESSING,WITH MY BLESSING,False,0,0,0,3,0,0,0,16,0.0,0.0,True
THAT'S THE MESSAGE FROM INDEPENDENT ECONOMISTS AFTER THE CHANCELLOR'S AUTUMN STATEMENT,THAT'S THE MESSAGE FROM INDEPENDENT ECONOMISTS AFTER THE CHANCELLOR'S AUTUMN STATEMENT,False,0,0,0,11,0,0,0,86,0.0,0.0,True
AND WITH THAT IN MIND,AND WITH THAT IN MIND,True,0,0,0,5,0,0,0,21,0.0,0.0,True
HIS FATHER DIED,HIS FATHER DIED,True,0,0,0,3,0,0,0,15,0.0,0.0,True
NOT JUST HERE IN NOTTINGHAMSHIRE,NOT JUST HERE IN NOTTINGHAMSHIRE,True,0,0,0,5,0,0,0,32,0.0,0.0,True
BUT IT SEEMS THE PENDANT IS TO EVERYONE'S PERSONAL TASTE,BUT IT SEEMS THE PENDANT IS TO EVERYONE'S PERSONAL TASTE,True,0,0,0,10,0,0,0,56,0.0,0.0,True
IT'S TIME TO FIND OUT IF NIGEL,IT'S TIME TO FIND OUT IF NIGEL,True,0,0,0,7,0,0,0,30,0.0,0.0,True
REMEMBER THAT MAN WITH THE CAMERA,REMEMBER THAT MAN WITH THE CAMERA,False,0,0,0,6,0,0,0,33,0.0,0.0,True
AND YOU CAN FOLLOW US,AND YOU CAN FOLLOW US,True,0,0,0,5,0,0,0,21,0.0,0.0,True
BUT IT'S NOT ALL BAD NEWS,BUT IT'S NOT ALL BAD NEWS,True,0,0,0,6,0,0,0,25,0.0,0.0,True
I DO KNOW WHAT IT MEANS,I DO KNOW WHAT IT MEANS,True,0,0,0,6,0,0,0,23,0.0,0.0,True
AFTER ALL I'VE BEEN THROUGH,AFTER ALL I'VE BEEN THROUGH,True,0,0,0,5,0,0,0,27,0.0,0.0,True
I WANT TO TALK ABOUT DADDY TOO,I WANT TO TALK ABOUT DADDY TO,True,1,0,0,6,0,0,1,29,0.14285714285714285,0.03333333333333333,False
EVERYONE WAS BLOWN AWAY,EVERYONE WAS BLOWN AWAY,False,0,0,0,4,0,0,0,23,0.0,0.0,True
WE STILL HAVE ALL OF THIS TO COME,WE STILL HAVE ALL OF THIS TO COME,True,0,0,0,8,0,0,0,33,0.0,0.0,True
I WANT TO TAKE A SELFIE,I WANT TO TAKE A SELFIE,True,0,0,0,6,0,0,0,23,0.0,0.0,True
RESCUING A DAMSEL IN DISTRESS,RESCUING A DAMSEL IN DISTRESS,True,0,0,0,5,0,0,0,29,0.0,0.0,True
ALL OF THAT COULD CHANGE,ALL OF THAT COULD CHANGE,False,0,0,0,5,0,0,0,24,0.0,0.0,True
BUT WHAT EXACTLY IS IT,BUT WHAT EXACTLY IS IT,True,0,0,0,5,0,0,0,22,0.0,0.0,True
HOW DOES IT WORK,HOW DOES IT WORK,False,0,0,0,4,0,0,0,16,0.0,0.0,True
THERE'S ALWAYS HISTORICAL TREASURES TO LOOK AT,THERE'S ALWAYS HISTORICAL TREASURES TO LOOK AT,True,0,0,0,7,0,0,0,46,0.0,0.0,True
FAST AND FURIOUS,FAST AND FURIOUS,False,0,0,0,3,0,0,0,16,0.0,0.0,True
AND LATER IN TURN,AND LATER IN TURN,True,0,0,0,4,0,0,0,17,0.0,0.0,True
HE MOVED AROUND A LOT,HE MOVED AROUND A LOT,False,0,0,0,5,0,0,0,21,0.0,0.0,True
AS IS THE TITLE OF THIS POEM,AS IS THE TITLE OF THIS POEM,False,0,0,0,7,0,0,0,28,0.0,0.0,True
FOUR KILOMETRES WITHOUT EVEN REALLY THINKING ABOUT IT,FOUR KILOMETRES WITHOUT EVEN REALLY THINKING ABOUT IT,True,0,0,0,8,0,0,0,53,0.0,0.0,True
IN THE HIGHWAY CODE ITSELF,IN THE HIGHWAY CODE ITSELF,True,0,0,0,5,0,0,0,26,0.0,0.0,True
SO IN THE MEANTIME,SO IN THE MEANTIME,True,0,0,0,4,0,0,0,18,0.0,0.0,True
THROUGH ANTIBODY DIRECTED THERAPY,THROUGH ANTIBODY DIRECTED THERAPY,True,0,0,0,4,0,0,0,33,0.0,0.0,True
AND I FEEL VERY,AND I FEEL VERY,True,0,0,0,4,0,0,0,15,0.0,0.0,True
I'M YOUR SIMON COWELL,I'M YOUR SIMON COWELL,False,0,0,0,4,0,0,0,21,0.0,0.0,True
I JUST CAN'T SEEM TO WIN,I JUST CAN'T SEEM TO WIN,True,0,0,0,6,0,0,0,24,0.0,0.0,True
IT'LL BE A BRILLIANT SUCCESS,IT'LL BE A BRILLIANT SUCCESS,True,0,0,0,5,0,0,0,28,0.0,0.0,True
HE RETRIEVED THE FLAG,HE RETRIEVED THE FLAG,False,0,0,0,4,0,0,0,21,0.0,0.0,True
I'M STRUGGLING WITH THAT ONE,I'M STRUGGLING WITH THAT ONE,True,0,0,0,5,0,0,0,28,0.0,0.0,True
HE'S A LATIN SENSATION,HE'S A LATIN SENSATION,False,0,0,0,4,0,0,0,22,0.0,0.0,True
BORN INTO A FAMILY OF DANCERS,BORN INTO A FAMILY OF DANCERS,True,0,0,0,6,0,0,0,29,0.0,0.0,True
I MADE A FEW CALLS,I MADE A FEW CALLS,True,0,0,0,5,0,0,0,18,0.0,0.0,True
AS WELL AS THE GREEN MAN,AS WELL AS THE GREEN MAN,False,0,0,0,6,0,0,0,24,0.0,0.0,True
THIS IS EXTREMELY RARE AND VALUABLE,THIS IS EXTREMELY RARE AND VALUABLE,False,0,0,0,6,0,0,0,35,0.0,0.0,True
NOT FOR SUBJECT MATTER,NOT FOR SUBJECT MATTER,True,0,0,0,4,0,0,0,22,0.0,0.0,True
I HASTEN TO ADD,I HESITANT TO AD,True,2,0,0,2,2,2,1,12,0.5,0.3333333333333333,False
HERE ON THE DAY,HERE ON THE DAY,True,0,0,0,4,0,0,0,15,0.0,0.0,True
BUT I FELT HE WAS EXPOSED,BUT I FELT HE WAS EXPOSED,True,0,0,0,6,0,0,0,25,0.0,0.0,True
AND YOU AND HIM,AND YOU AND HIM,True,0,0,0,4,0,0,0,15,0.0,0.0,True
WILL APPEAR IN COURT NEXT MONTH,WILL APPEAR IN COURT NEXT MONTH,True,0,0,0,6,0,0,0,31,0.0,0.0,True
AND THE CHAMPAGNE,AND THE CHAMPAGNE,False,0,0,0,3,0,0,0,17,0.0,0.0,True
BEFORE WE BRING ON OUR NEXT CONTENDER,BEFORE WE BRING ON OUR NEXT CONTENDER,True,0,0,0,7,0,0,0,37,0.0,0.0,True
IF YOU'VE GOT A QUESTION FOR EITHER OF THEM,IF YOU'VE GOT A QUESTION FOR EITHER OF THEM,True,0,0,0,9,0,0,0,43,0.0,0.0,True
SO TO DO BALLROOM,SO TO DO BALLROOM,True,0,0,0,4,0,0,0,17,0.0,0.0,True
I AM THE ULTIMATE POWER,I AM THE ULTIMATE POWER,True,0,0,0,5,0,0,0,23,0.0,0.0,True
IT IS THE QUARTER FINALS,IT IS THE QUARTER FINALS,False,0,0,0,5,0,0,0,24,0.0,0.0,True
WE HAD A BLAZING ROW,WE HAD A BLAZING ROW,True,0,0,0,5,0,0,0,20,0.0,0.0,True
THE FAMILY SEAT,THE FAMILY SEAT,False,0,0,0,3,0,0,0,15,0.0,0.0,True
PLEASE WELCOME JENNY ECLAIR,PLEASE WELCOME GENIE CLARKE,False,2,0,0,2,5,1,1,21,0.5,0.25925925925925924,False
IT'S A MOVIE THEME,IT'S A MOVIE THEME,False,0,0,0,4,0,0,0,18,0.0,0.0,True
THEY HAVE NO IDEA WHAT TO EXPECT,THEY HAVE NO IDEA WHAT TO EXPECT,True,0,0,0,7,0,0,0,32,0.0,0.0,True
TWO AND A HALF MINUTES FOR THAT ROUND,TWO AND A HALF MINUTES FOR THAT ROUND,True,0,0,0,8,0,0,0,37,0.0,0.0,True
I'M NOT SATISFIED,I'M NOT SATISFIED,True,0,0,0,3,0,0,0,17,0.0,0.0,True
IT'S ON OUR CABLE PACKAGE,IT'S ON OUR CABLE PACKAGE,True,0,0,0,5,0,0,0,25,0.0,0.0,True
WHEN WE SEE HIM,WHEN WE SEE HIM,True,0,0,0,4,0,0,0,15,0.0,0.0,True
YOU WANT ME TO BE HAPPY,YOU WANT ME TO BE HAPPY,True,0,0,0,6,0,0,0,23,0.0,0.0,True
WHAT SEASON WAS THAT,WHAT SEASON WAS THAT,False,0,0,0,4,0,0,0,20,0.0,0.0,True
NO FOOD LEFT OUT,NO FOOD LEFT OUT,True,0,0,0,4,0,0,0,16,0.0,0.0,True
I'LL MEET YOU AT THE PARTY,I'LL MEET YOU AT THE PARTY,True,0,0,0,6,0,0,0,26,0.0,0.0,True
PROBABLY IN THE WORLD,PROBABLY IN THE WORLD,True,0,0,0,4,0,0,0,21,0.0,0.0,True
I'M REALLY LOOKING FORWARD TO THIS,I'M REALLY LOOKING FORWARD TO THIS,True,0,0,0,6,0,0,0,34,0.0,0.0,True
AND IT'S EVEN RARER TO FIND ONE THAT HASN'T BEEN DUG INTO BY ANTIQUARIANS,AND IT'S EVEN RARER TO FIND ONE THAT HASN'T BEEN DUG INTO BY ANTIQUARIANS,True,0,0,0,14,0,0,0,73,0.0,0.0,True
WHAT WE'VE GOT HERE IS AN OPPORTUNITY TO UNDERSTAND ONE OF THESE MONUMENTS IN A MODERN,WHAT WE'VE GOT HERE IS AN OPPORTUNITY TO UNDERSTAND ONE OF THESE MONUMENTS IN A MODERN,True,0,0,0,16,0,0,0,86,0.0,0.0,True
AND PEOPLE LIVING,AND PEOPLE LIVING,False,0,0,0,3,0,0,0,17,0.0,0.0,True
IT'S ABOUT THE DEAD,IT'S ABOUT THE DEAD,False,0,0,0,4,0,0,0,19,0.0,0.0,True
A PURIFICATION CEREMONY,A PURIFICATION CEREMONY,False,0,0,0,3,0,0,0,23,0.0,0.0,True
IT'S ALMOST AN OLD PERSON,IT'S ALMOST AN OLD PERSON,True,0,0,0,5,0,0,0,25,0.0,0.0,True
AND THIS MIGHT BE,AND THIS MIGHT BE,True,0,0,0,4,0,0,0,17,0.0,0.0,True
EVERY SINGLE PERSON,EVERY SINGLE PERSON,False,0,0,0,3,0,0,0,19,0.0,0.0,True
THAT'S THE BEST KIND OF TEACHING,THAT'S THE BEST KIND OF TEACHING,False,0,0,0,6,0,0,0,32,0.0,0.0,True
I HAD A GREAT TIME,I HAD A GREAT TIME,True,0,0,0,5,0,0,0,18,0.0,0.0,True
THAT'S WHAT CHILD SUPPORT SERVICES DOES,THAT'S WHAT CHILD SUPPORT SERVICES DOES,False,0,0,0,6,0,0,0,39,0.0,0.0,True
NICOLA IS DEFINITELY THE LOVE OF MY LIFE,NICOLE IS DEFINITELY THE LOVE OF MY LIFE,False,1,0,0,7,1,0,0,39,0.125,0.025,False
SHE'S MY JULIET,SHE'S MY JULIET,False,0,0,0,3,0,0,0,15,0.0,0.0,True
THE ROCHELLE TO MY MARVIN,THE ROSEHELLE TO MY MERVYN,True,2,0,0,3,3,1,0,22,0.4,0.16,False
I GUESS I'M AFRAID,I GUESS I'M AFRAID,True,0,0,0,4,0,0,0,18,0.0,0.0,True
I LIKE SPENDING TIME WITH HIM,I LIKE SPENDING TIME WITH HIM,True,0,0,0,6,0,0,0,29,0.0,0.0,True
AND IT IS A SERVICE,AND IT IS A SERVICE,False,0,0,0,5,0,0,0,19,0.0,0.0,True
SHE'S GOT THE BEST TOP LINE IN THE BUSINESS,SHE'S GOT THE BEST TOPLINE IN THE BUSINESS,True,1,0,1,7,0,0,1,42,0.2222222222222222,0.023255813953488372,False
SO I DON'T KNOW,SO I DON'T KNOW,True,0,0,0,4,0,0,0,15,0.0,0.0,True
THAT'S WHAT YOU SAID,THAT'S WHAT YOU SAID,True,0,0,0,4,0,0,0,20,0.0,0.0,True
IT'S JUST A NAME,IT'S JUST A NAME,False,0,0,0,4,0,0,0,16,0.0,0.0,True
I'VE BEEN WAXED,I'VE BEEN WACKED,True,1,0,0,2,1,1,0,14,0.3333333333333333,0.13333333333333333,False
TALK ABOUT SMART,TALK ABOUT SMART,False,0,0,0,3,0,0,0,16,0.0,0.0,True
MY LITTLE BOY IS,MY LITTLE BOY IS,False,0,0,0,4,0,0,0,16,0.0,0.0,True
I'M GETTING OLDER,I'M GETTING OLDER,False,0,0,0,3,0,0,0,17,0.0,0.0,True
I'LL BE POPPING IN EACH EVENING,I'LL BE POPPING IN EACH EVENING,True,0,0,0,6,0,0,0,31,0.0,0.0,True
BUT SHE'S NOT CONFUSED,BUT SHE'S NOT CONFUSED,True,0,0,0,4,0,0,0,22,0.0,0.0,True
YOU NEED TO BE STRONG UP HERE,YOU NEED TO BE STRONG UP HERE,True,0,0,0,7,0,0,0,29,0.0,0.0,True
MAKE SURE YOU NEVER GET DEPRESSED AGAIN,MAKE SURE YOU NEVER GET DEPRESSED AGAIN,True,0,0,0,7,0,0,0,39,0.0,0.0,True
WITH BILLY NOT BEING YOURS,WITH BILLY NOT BEING YOURS,True,0,0,0,5,0,0,0,26,0.0,0.0,True
WHEN IT COMES TO DESIGNING FABULOUS COSTUMES,WHEN IT COMES TO DESIGNING FABULOUS COSTUMES,True,0,0,0,7,0,0,0,44,0.0,0.0,True
THEY ARE BATTLING TO BE CROWNED PRO CHALLENGE CHAMPION,THEY ARE BATTLING TO BE CROWNED PRO CHALLENGE CHAMPION,True,0,0,0,9,0,0,0,54,0.0,0.0,True
THE PRIME MINISTER SLAPS HIM DOWN,THE PRIME MINISTER SLAPS HIM DOWN,True,0,0,0,6,0,0,0,33,0.0,0.0,True
HOW BIG IS THAT,HOW BIG IS THAT,False,0,0,0,4,0,0,0,15,0.0,0.0,True
SEPARATED FROM THAT,SEPARATED FROM THAT,False,0,0,0,3,0,0,0,19,0.0,0.0,True
COMING IN ON THE OTHER SIDE,COMING IN ON THE OTHER SIDE,True,0,0,0,6,0,0,0,27,0.0,0.0,True
WHAT DID YOU PUT IN THE MULLED WINE,WHAT DID YOU PUT IN THE MULLED WINE,True,0,0,0,8,0,0,0,35,0.0,0.0,True
IT'S A TERRIBLE IDEA,IT'S A TERRIBLE IDEA,False,0,0,0,4,0,0,0,20,0.0,0.0,True
YOU'VE REALLY MADE MY DAY,YOU'VE REALLY MADE MY DAY,True,0,0,0,5,0,0,0,25,0.0,0.0,True
MEN WANT TO BE HIM,MEN WANT TO BE HIM,True,0,0,0,5,0,0,0,18,0.0,0.0,True
HE ABSOLUTELY INSISTED ON WRITING HIS OWN INTRO,HE ABSOLUTELY INSISTED ON WRITING HIS OWN INTRO,False,0,0,0,8,0,0,0,47,0.0,0.0,True
WITH FAMILY AND FRIENDS,WITH FAMILY AND FRIENDS,False,0,0,0,4,0,0,0,23,0.0,0.0,True
IT'S ALL ABOUT THE STRICTLY PRO CHALLENGE,IT'S ALL ABOUT THE STRICTLY PROCHALLENGE,False,1,0,1,5,0,0,1,40,0.2857142857142857,0.024390243902439025,False
THE SIX HIGHEST SCORING RUNNERS UP WILL QUALIFY,THE SIX HIGHEST SCORING RUNNERS UP WILL QUALIFY,False,0,0,0,8,0,0,0,47,0.0,0.0,True
JUST BEFORE CHRISTMAS,JUST BEFORE CHRISTMAS,False,0,0,0,3,0,0,0,21,0.0,0.0,True
I THINK SHE'S COMPLETELY BONKERS,I THINK SHE'S COMPLETELY BONKERS,True,0,0,0,5,0,0,0,32,0.0,0.0,True
YOU ARE DYNAMIC,YOU ARE DYNAMIC,True,0,0,0,3,0,0,0,15,0.0,0.0,True
IT'S ACTUALLY A SALSA,IT'S ACTUALLY A SALSA,False,0,0,0,4,0,0,0,21,0.0,0.0,True
THE GARDEN OF ENGLAND,THE GARDEN OF ENGLAND,False,0,0,0,4,0,0,0,21,0.0,0.0,True
YOU CAN GET A BETTER STRUCTURE,YOU CAN GET A BETTER STRUCTURE,True,0,0,0,6,0,0,0,30,0.0,0.0,True
EVERY YEAR SINCE CHRISTMAS BEGAN,EVERY YEAR SINCE CHRISTMAS BEGAN,False,0,0,0,5,0,0,0,32,0.0,0.0,True
WAY BACK IN THE EARLY,WAY BACK IN THE EARLY,True,0,0,0,5,0,0,0,21,0.0,0.0,True
I ACTUALLY WANTED TO BE A HORSE,I ACTUALLY WANTED TO BE A HORSE,True,0,0,0,7,0,0,0,31,0.0,0.0,True
USUALLY A BICYCLE,USUALLY A BICYCLE,False,0,0,0,3,0,0,0,17,0.0,0.0,True
THROUGH THE ACCESSIBILITY TO THOSE CHILDREN,THROUGH THE ACCESSIBILITY TO THOSE CHILDREN,True,0,0,0,6,0,0,0,43,0.0,0.0,True
LIKE MOST OTHER FORMS OF MODERN WARFARE,LIKE MOST OTHER FORMS OF MODERN WARFARE,False,0,0,0,7,0,0,0,39,0.0,0.0,True
YOU DO LOVE YOUR DOLL,YOU DO LOVE YOUR DOLL,True,0,0,0,5,0,0,0,21,0.0,0.0,True
THEY WERE INNOCENT AND CHARMING,THEY WERE INNOCENT AND CHARMING,False,0,0,0,5,0,0,0,31,0.0,0.0,True
YOU WANT TO LOOK,YOU WANT TO LOOK,True,0,0,0,4,0,0,0,16,0.0,0.0,True
OR IS IT THAT YOU ENJOY THOSE TOYS AND IT MAKES YOU INTO A DIFFERENT PERSON,OR IS IT THAT YOU ENJOY THOSE TOYS AND IT MAKES YOU INTO A DIFFERENT PERSON,True,0,0,0,16,0,0,0,75,0.0,0.0,True
SPACE WAS STILL THE FINAL FRONTIER,SPACE WAS STILL THE FINAL FRONTIER,False,0,0,0,6,0,0,0,34,0.0,0.0,True
IT LOOKS REALLY LIKE IT IS,IT LOOKS REALLY LIKE IT IS,False,0,0,0,6,0,0,0,26,0.0,0.0,True
WHEN I GET HOME,WHEN I GET HOME,True,0,0,0,4,0,0,0,15,0.0,0.0,True
THE BALL SHAPED ONE,THE BALL SHAPED ONE,True,0,0,0,4,0,0,0,19,0.0,0.0,True
YOU SEE THAT PRESENT,YOU SEE THAT PRESENT,True,0,0,0,4,0,0,0,20,0.0,0.0,True
SO WHAT HE DID TO GET ROUND THAT,SO WHAT HE DID TO GET ROUND THAT,True,0,0,0,8,0,0,0,32,0.0,0.0,True
BUT IN THOSE DAYS,BUT IN THOSE DAYS,True,0,0,0,4,0,0,0,17,0.0,0.0,True
IT BECOMES A FIRE ENGINE,IT BECOMES A FIRE ENGINE,False,0,0,0,5,0,0,0,24,0.0,0.0,True
FOUR LITTLE TURTLES NAMED AFTER ITALIAN RENAISSANCE ARTISTS,FOUR LITTLE TURTLES NAMED AFTER ITALIAN RENAISSANCE ARTISTS,True,0,0,0,8,0,0,0,59,0.0,0.0,True
SOME BURN BRIGHTLY FOR A YEAR OR TWO,SUMMER BRIGHTLY FOR A YEAR OR TWO,True,1,0,1,6,1,1,4,31,0.25,0.16666666666666666,False
IF YOU DIDN'T HAVE ONE,IF YOU DIDN'T HAVE ONE,True,0,0,0,5,0,0,0,22,0.0,0.0,True
WHAT WAS ALL THAT ABOUT,WHAT WAS ALL THAT ABOUT,False,0,0,0,5,0,0,0,23,0.0,0.0,True
ALREADY IN THE STATES,ALREADY IN THE STATES,True,0,0,0,4,0,0,0,21,0.0,0.0,True
THE RIGHT PLACE,THE RIGHT PLACE,True,0,0,0,3,0,0,0,15,0.0,0.0,True
NOTHING WRONG WITH THAT IDEA IN PRINCIPLE,NOTHING WRONG WITH THAT IDEA IN PRINCIPLE,True,0,0,0,7,0,0,0,41,0.0,0.0,True
SAUSAGES IN BACON,SAUSAGES IN BACON,True,0,0,0,3,0,0,0,17,0.0,0.0,True
CHRISTMAS PUDDING THAT NOBODY REALLY LIKES,CHRISTMAS PUDDING THAT NOBODY REALLY LIKES,False,0,0,0,6,0,0,0,42,0.0,0.0,True
STICK SOME JAMES BOND ON,STICK SOME JAMES BOND ON,True,0,0,0,5,0,0,0,24,0.0,0.0,True
THAT SOMEONE WAS GOING TO GET,THAT SOMEONE WAS GOING TO GET,True,0,0,0,6,0,0,0,29,0.0,0.0,True
YOU CAN'T REALLY SAY,YOU CAN'T REALLY SAY,True,0,0,0,4,0,0,0,20,0.0,0.0,True
NOT IN FRONT OF THE WHOLE FAMILY,NOT IN FRONT OF THE WHOLE FAMILY,True,0,0,0,7,0,0,0,32,0.0,0.0,True
YOU UNFOLD THE BOARD,YOU UNFOLD THE BOARD,True,0,0,0,4,0,0,0,20,0.0,0.0,True
IN VICTORIAN BRITAIN,INVICTORIAN BRITAIN,True,1,0,1,1,0,0,1,19,0.6666666666666666,0.05,False
ON THE ORDERS OF QUEEN VICTORIA,ON THE ORDERS OF QUEEN VICTORIA,False,0,0,0,6,0,0,0,31,0.0,0.0,True
I THINK HE'S PERFECT,I THINK HE'S PERFECT,True,0,0,0,4,0,0,0,20,0.0,0.0,True
WHEN IT COMES TO TOYS,WHEN IT COMES TO TOYS,True,0,0,0,5,0,0,0,21,0.0,0.0,True
MAYBE NOT URANIUM,MAYBE NOT URIANIA,True,1,0,0,2,1,1,1,15,0.3333333333333333,0.17647058823529413,False
BUT I LIKE TO SEE IT,BUT I LIKE TO SEE IT,True,0,0,0,6,0,0,0,20,0.0,0.0,True
WE LIKE TO REMINISCE,WE LIKE TO REMINISCE,True,0,0,0,4,0,0,0,20,0.0,0.0,True
THIS REALLY MAKES US THINK,THIS REALLY MAKES US THINK,False,0,0,0,5,0,0,0,26,0.0,0.0,True
MAYBE THERE'S AN EXTENSIVE PATTERN,MAYBE THERE'S AN EXTENSIVE PATTERN,True,0,0,0,5,0,0,0,34,0.0,0.0,True
WHEN THE ARCHAEOLOGISTS GOT TO WORK,WHEN THE ARCHAEOLOGISTS GOT TO WORK,True,0,0,0,6,0,0,0,35,0.0,0.0,True
I'M TRYING NOT TO GET CARRIED AWAY,I'M TRYING NOT TO GET CARRIED AWAY,True,0,0,0,7,0,0,0,34,0.0,0.0,True
IT REALLY WAS THAT BAD,IT REALLY WAS THAT BAD,False,0,0,0,5,0,0,0,22,0.0,0.0,True
THEY WILL NOT DO,THEY WILL NOT DO,True,0,0,0,4,0,0,0,16,0.0,0.0,True
LET'S TAKE A LOOK BEHIND THE SCENES AT HOW IT ALL CAME,LET'S TAKE A LOOK BEHIND THE SCENES AT HOW IT ALL CAME,False,0,0,0,12,0,0,0,54,0.0,0.0,True
TIME NOW FOR OUR NEXT GUEST,TIME NOW FOR OUR NEXT GUEST,True,0,0,0,6,0,0,0,27,0.0,0.0,True
OVER THE LAST 12 YEARS,OVER THE LAST 12 YEARS,True,0,0,0,5,0,0,0,22,0.0,0.0,True
WHY SHOW ME THIS,WHY SHOW ME THIS,True,0,0,0,4,0,0,0,16,0.0,0.0,True
I'M ON THE CASE,I'M ON THE CASE,False,0,0,0,4,0,0,0,15,0.0,0.0,True
EVEN CHRISTMAS DAY,EVEN CHRISTMAS DAY,True,0,0,0,3,0,0,0,18,0.0,0.0,True
BUT TOWARDS THE END,BUT TOWARDS THE END,True,0,0,0,4,0,0,0,19,0.0,0.0,True
HE HAS NOT HELD BACK ANYTHING,HE HAS NOT HELD BACK ANYTHING,True,0,0,0,6,0,0,0,29,0.0,0.0,True
BUT IT WAS SO DISCONCERTINGLY CALM IN THE STUDIO,BUT IT WAS SO DISCONCERTINGLY COME IN THE STUDIO,True,1,0,0,8,3,0,0,45,0.1111111111111111,0.0625,False
HERE TO REVEAL THE SECRET TO GETTING YOUR HANDS ON THE TROPHY,HERE TO REVEAL THE SECRET TO GETTING YOUR HANDS ON THE TROPHY,True,0,0,0,12,0,0,0,61,0.0,0.0,True
I SHOULDN'T SAY THOSE THINGS,I SHOULDN'T SAY THOSE THINGS,True,0,0,0,5,0,0,0,28,0.0,0.0,True
WHAT ELSE CAN I BE,WHAT ELSE CAN I BE,True,0,0,0,5,0,0,0,18,0.0,0.0,True
NOT WELL DRESSED,NOT WELL DRESSED,True,0,0,0,3,0,0,0,16,0.0,0.0,True
SHE IS MARRIED NOW,SHE IS MARRIED NOW,False,0,0,0,4,0,0,0,18,0.0,0.0,True
BEST AND HAPPIEST OF ALL,BEST AND HAPPIEST OF ALL,False,0,0,0,5,0,0,0,24,0.0,0.0,True
THE TIME BEFORE HIM WAS HIS OWN,THE TIME BEFORE HIM WAS HIS OWN,True,0,0,0,7,0,0,0,31,0.0,0.0,True
IT SOUNDS VERY GOOD,IT SOUNDS VERY GOOD,True,0,0,0,4,0,0,0,19,0.0,0.0,True
SHE'S DEPRESSED ABOUT DADDY,SHE'S DEPRESSED ABOUT DADDY,False,0,0,0,4,0,0,0,27,0.0,0.0,True
NOW YOU LISTEN TO ME,NOW YOU LISTEN TO ME,True,0,0,0,5,0,0,0,20,0.0,0.0,True
EVERY WEEK HE COMES OUT,EVERY WEEK HE COMES OUT,True,0,0,0,5,0,0,0,23,0.0,0.0,True
THE RIVALRY AND ALL THAT,THE RIVALRY AND ALL THAT,False,0,0,0,5,0,0,0,24,0.0,0.0,True
LEAVE THAT TO ME,LEAVE THAT TO ME,True,0,0,0,4,0,0,0,16,0.0,0.0,True
BUT FOR ALL THAT,BUT FOR ALL THAT,True,0,0,0,4,0,0,0,16,0.0,0.0,True
I'D LIKE TO HELP YOU,I'D LIKE TO HELP YOU,True,0,0,0,5,0,0,0,20,0.0,0.0,True
I DON'T WANT TO RESIGN,I DON'T WANT TO RESIGN,True,0,0,0,5,0,0,0,22,0.0,0.0,True
WHICH IS INCREDIBLE,WHICH IS INCREDIBLE,True,0,0,0,3,0,0,0,19,0.0,0.0,True
I HAD NO IDEA HOW MUCH,I HAD NO IDEA HOW MUCH,True,0,0,0,6,0,0,0,22,0.0,0.0,True
SO LET'S FIND OUT WHO THAT WILL BE,SO LET'S FIND OUT WHO THAT WILL BE,True,0,0,0,8,0,0,0,34,0.0,0.0,True
SOME DECENT SCORES,SOME DECENT SCORES,True,0,0,0,3,0,0,0,18,0.0,0.0,True
THE PERFECT HOUSE,THE PERFECT HOUSE,False,0,0,0,3,0,0,0,17,0.0,0.0,True
THE PERFECT FAMILY,THE PERFECT FAMILY,False,0,0,0,3,0,0,0,18,0.0,0.0,True
THE FIRST MUSLIM WOMAN TO SERVE AS A CABINET MINISTER,THE FIRST MUSLIM WOMAN TO SERVE AS A CABINET MINISTER,True,0,0,0,10,0,0,0,53,0.0,0.0,True
IT'S NOT THE MIDDLE AGES,IT'S NOT THE MIDDLE AGES,True,0,0,0,5,0,0,0,24,0.0,0.0,True
HE DOESN'T OWN ME,HE DOESN'T OWN ME,False,0,0,0,4,0,0,0,17,0.0,0.0,True
IT WAS ACTUALLY EXTREMELY WELL PLACED,IT WAS ACTUALLY EXTREMELY WELL PLACED,False,0,0,0,6,0,0,0,37,0.0,0.0,True
PLEASE DON'T TRY TO VOTE IF YOU'RE WATCHING ON DEMAND,PLEASE DON'T TRY TO VOTE IF YOU'RE WATCHING ON DEMAND,True,0,0,0,10,0,0,0,53,0.0,0.0,True
TENSION AND EMOTION,TENSION AND EMOTION,False,0,0,0,3,0,0,0,19,0.0,0.0,True
AND IT'S PERFECT FOR TONIGHT,AND IT'S PERFECT FOR TONIGHT,True,0,0,0,5,0,0,0,28,0.0,0.0,True
CAN THEY IMPROVE ON THAT SCORE AND POSSIBLY RUN AWAY WITH THE TROPHY,CAN THEY IMPROVE ON THAT SCORE AND POSSIBLY RUN AWAY WITH THE TROPHY,True,0,0,0,13,0,0,0,68,0.0,0.0,True
THAT WAS WITHIN BUDGET,THAT WAS WITHIN BUDGET,False,0,0,0,4,0,0,0,22,0.0,0.0,True
THE RISE OF MAY,THE RISE OF MAY,False,0,0,0,4,0,0,0,15,0.0,0.0,True
PROPER STREET FOOD IS GREAT,PROPER STREET FOOD IS GREAT,True,0,0,0,5,0,0,0,27,0.0,0.0,True
IF YOU CAN HAVE SEX,IF YOU CAN HAVE SEX,True,0,0,0,5,0,0,0,19,0.0,0.0,True
TICKETS FOR THE MATCH,TICKETS FOR THE MATCH,True,0,0,0,4,0,0,0,21,0.0,0.0,True
IT'S NOT A CAREER,IT'S NOT A CAREER,True,0,0,0,4,0,0,0,17,0.0,0.0,True
FAME AND FORTUNE,FAME AND FORTUNE,False,0,0,0,3,0,0,0,16,0.0,0.0,True
I'M NOT AFRAID OF BEING CHALLENGED,I'M NOT AFRAID OF BEING CHALLENGED,True,0,0,0,6,0,0,0,34,0.0,0.0,True
THERE'S NO WRONG WAY,THERE'S NO WRONG WAY,True,0,0,0,4,0,0,0,20,0.0,0.0,True
IT SEEMED TO BE,IT SEEMED TO BE,True,0,0,0,4,0,0,0,15,0.0,0.0,True
I DO MISS IT A LITTLE BIT,I DO MISS IT A LITTLE BIT,True,0,0,0,7,0,0,0,25,0.0,0.0,True
THIS IS ALL YOU,THIS IS ALL YOU,True,0,0,0,4,0,0,0,15,0.0,0.0,True
BEFORE YOU KNOW IT,BEFORE YOU KNOW IT,True,0,0,0,4,0,0,0,18,0.0,0.0,True
YOU GO TO BED WITH IT,YOU GO TO BED WITH IT,True,0,0,0,6,0,0,0,21,0.0,0.0,True
AND YOUR FAMILY AND YOUR KIDS AND YOUR OTHER JOBS,AND YOUR FAMILY AND YOUR KIDS AND YOUR OTHER JOBS,False,0,0,0,10,0,0,0,49,0.0,0.0,True
THAT WAS AMAZING,THAT WAS AMAZING,False,0,0,0,3,0,0,0,16,0.0,0.0,True
THE LONGER YOU STAY IN,THE LONGER YOU STAY IN,True,0,0,0,5,0,0,0,22,0.0,0.0,True
BECAUSE YOU WORK SO HARD,BECAUSE YOU WORK SO HARD,True,0,0,0,5,0,0,0,24,0.0,0.0,True
IF YOU GO WRONG,IF YOU GO WRONG,True,0,0,0,4,0,0,0,15,0.0,0.0,True
GO ABOUT TELLING HIM THAT,GO ABOUT TELLING HIM THAT,True,0,0,0,5,0,0,0,25,0.0,0.0,True
FOR GOOD REASONS AND BAD REASONS,FOR GOOD REASONS AND BAD REASONS,True,0,0,0,6,0,0,0,32,0.0,0.0,True
IF THEY START FROM HERE,IF THEY START FROM HERE,True,0,0,0,5,0,0,0,23,0.0,0.0,True
OBSESSED WITH THIS SHOW,OBSESSED WITH THIS SHOW,False,0,0,0,4,0,0,0,23,0.0,0.0,True
IF I HAD MY WAY,IF I HAD MY WAY,True,0,0,0,5,0,0,0,15,0.0,0.0,True
IF WE HAVE A LITTLE ARGUMENT,IF WE HAVE A LITTLE ARGUMENT,True,0,0,0,6,0,0,0,28,0.0,0.0,True
SO WHEN HE GETS GRUMPY IT'S LIKE,SO WHEN HE GETS GRUMPY IT'S LIKE,True,0,0,0,7,0,0,0,32,0.0,0.0,True
LET'S SAY FOR EXAMPLE,LET'S SAY FOR EXAMPLE,True,0,0,0,4,0,0,0,21,0.0,0.0,True
I'M SURE YOU CAN IMAGINE,I'M SURE YOU CAN IMAGINE,True,0,0,0,5,0,0,0,24,0.0,0.0,True
SHE IS HYSTERICAL,SHE IS HYSTERICAL,False,0,0,0,3,0,0,0,17,0.0,0.0,True
VERY HIGH LEVEL,VERY HIGH LEVEL,True,0,0,0,3,0,0,0,15,0.0,0.0,True
GOING ALL OVER THE WORLD,GOING ALL OVER THE WORLD,False,0,0,0,5,0,0,0,24,0.0,0.0,True
PEOPLE ARE HAPPY TO BE THERE AND IT'S A GOOD VIBE,PEOPLE ARE HAPPY TO BE THERE AND IT'S A GOOD VIBE,True,0,0,0,11,0,0,0,49,0.0,0.0,True
EVERYWHERE YOU TURN,EVERYWHERE YOU TURN,True,0,0,0,3,0,0,0,19,0.0,0.0,True
BECAUSE THEY'VE GOT TO,BECAUSE THEY'VE GOT TO,True,0,0,0,4,0,0,0,22,0.0,0.0,True
JUST WORKING WITH HIM EVERY WEEK IS SUCH A TREAT,JUST WORKING WITH HIM EVERY WEEK IS SUCH A TREAT,True,0,0,0,10,0,0,0,48,0.0,0.0,True
WHICH WAS QUITE AMUSING,WHICH WAS QUITE AMUSING,True,0,0,0,4,0,0,0,23,0.0,0.0,True
THAT'S A PICKLED WALNUT,THAT'S A PICKLED WALNUT,False,0,0,0,4,0,0,0,23,0.0,0.0,True
YOU HAVE TO GO AND BUY BISCUITS,YOU HAVE TO GO AND BUY BISCUITS,True,0,0,0,7,0,0,0,31,0.0,0.0,True
THEY ALL CAME AND WENT,THEY ALL CAME AND WENT,False,0,0,0,5,0,0,0,22,0.0,0.0,True
IT DIDN'T SURVIVE,IT DIDN'T SURVIVE,False,0,0,0,3,0,0,0,17,0.0,0.0,True
SO YOU SHOULD BE,SO YOU SHOULD BE,True,0,0,0,4,0,0,0,16,0.0,0.0,True
RIGHT ON THE FRONT,RIGHT ON THE FRONT,True,0,0,0,4,0,0,0,18,0.0,0.0,True
TWICE DURING THE FIRST WORLD WAR,TWICE DURING THE FIRST WORLD WAR,True,0,0,0,6,0,0,0,32,0.0,0.0,True
SHE NEVER LET ON,SHE NEVER LET ON,False,0,0,0,4,0,0,0,16,0.0,0.0,True
SO YOU KNOW WHO HE REALLY IS,SO YOU KNOW WHO HE REALLY IS,True,0,0,0,7,0,0,0,28,0.0,0.0,True
THIS COULD BE A FIRST CLASS ROUTINE,THIS COULD BE A FIRST CLASS ROUTINE,True,0,0,0,7,0,0,0,35,0.0,0.0,True
EVERYONE ON THE SHOW REALLY,EVERYONE ON THE SHOW REALLY,False,0,0,0,5,0,0,0,27,0.0,0.0,True
WITH WHITE CHRISTMAS,WITH WHITE CHRISTMAS,True,0,0,0,3,0,0,0,20,0.0,0.0,True
ALTHOUGH I CAN'T IMAGINE WHY,ALTHOUGH I CAN'T IMAGINE WHY,True,0,0,0,5,0,0,0,28,0.0,0.0,True
BECAUSE I JUST WANT TO HELP,BECAUSE I JUST WANT TO HELP,True,0,0,0,6,0,0,0,27,0.0,0.0,True
PROJECT MANAGEMENT IS REALLY MY SPECIALIST AREA,PROJECT MANAGEMENT IS REALLY MY SPECIALIST AREA,False,0,0,0,7,0,0,0,47,0.0,0.0,True
TO BE COMPLETELY HONEST,TO BE COMPLETELY HONEST,True,0,0,0,4,0,0,0,23,0.0,0.0,True
THE SHEER SIZE AND POWER CAN BE INTIMIDATING,THE SHEER SIZE AND POWER CAN BE INTIMIDATING,True,0,0,0,8,0,0,0,44,0.0,0.0,True
BUT THERE WAS EVEN BETTER NEWS,BUT THERE WAS EVEN BETTER NEWS,True,0,0,0,6,0,0,0,30,0.0,0.0,True
REPRESENTED BY THIS BUNCH OF BANANAS,REPRESENTED BY THIS BUNCH OF BANANAS,True,0,0,0,6,0,0,0,36,0.0,0.0,True
IT'S DOWN TO OUR BRAIN GETTING THINGS WRONG,IT'S DOWN TO OUR BRAIN GETTING THINGS WRONG,True,0,0,0,8,0,0,0,43,0.0,0.0,True
HE WAS ABOUT TO FIND OUT,HE WAS ABOUT TO FIND OUT,True,0,0,0,6,0,0,0,24,0.0,0.0,True
THE FORCES OF NATURE SEPARATE OUT,THE FORCES OF NATURE SEPARATE OUT,False,0,0,0,6,0,0,0,33,0.0,0.0,True
NEUTRONS AND ELECTRONS,NUTRONS AND ELECTRONS,False,1,0,0,2,0,0,1,21,0.3333333333333333,0.045454545454545456,False
BUT WHEN YOU OPEN THE BOX,BUT WHEN YOU OPEN THE BOX,True,0,0,0,6,0,0,0,25,0.0,0.0,True
THAT'S NOT RIGHT,THAT'S NOT RIGHT,True,0,0,0,3,0,0,0,16,0.0,0.0,True
IN THIS UNIVERSE,IN THIS UNIVERSE,True,0,0,0,3,0,0,0,16,0.0,0.0,True
AND IT MIGHT SEEM RIDICULOUS,AND IT MIGHT SEEM RIDICULOUS,False,0,0,0,5,0,0,0,28,0.0,0.0,True
12 MILES IN DIAMETER,12 MILES IN DIAMETER,True,0,0,0,4,0,0,0,20,0.0,0.0,True
STRETCHING BACK 3,STRETCHING BACK THREE,False,1,0,0,2,1,4,0,16,0.3333333333333333,0.29411764705882354,False
STAGGERING ON THE EDGE OF SPACE,STAGGERING ON THE EDGE OF SPACE,False,0,0,0,6,0,0,0,31,0.0,0.0,True
PONDERING THE IMMENSITY,PONDERING THE IMMANENCE,False,1,0,0,2,5,0,0,18,0.3333333333333333,0.21739130434782608,False
WE LIVE IN A TINY,WE LIVE IN A TINY,True,0,0,0,5,0,0,0,17,0.0,0.0,True
YOU THINK I DID THIS,YOU THINK I DID THIS,True,0,0,0,5,0,0,0,20,0.0,0.0,True
IT'S ALL ABOUT RARITY,IT'S ALL ABOUT RETIREMENT,False,1,0,0,3,2,5,1,18,0.25,0.38095238095238093,False
AS OPPOSED TO CHINESE,AS OPPOSED TO CHINESE,True,0,0,0,4,0,0,0,21,0.0,0.0,True
BUT I COULDN'T BELIEVE IT WOULD BE TRUE,BUT I COULDN'T BELIEVE IT WOULD BE TRUE,True,0,0,0,8,0,0,0,39,0.0,0.0,True
IF YOU'VE GOT A GOOD STORY,IF YOU'VE GOT A GOOD STORY,True,0,0,0,6,0,0,0,26,0.0,0.0,True
AND THE MAN WHO MADE THE DISCOVERY,AND THE MAN WHO MADE THE DISCOVERY,True,0,0,0,7,0,0,0,34,0.0,0.0,True
BUT EVERYONE GOING INTO THE DEN GETS A FRESH CHANCE TO TURN THINGS ROUND,BUT EVERYONE GOING INTO THE DEN GETS A FRESH CHANCE TO TURN THINGS ROUND,True,0,0,0,14,0,0,0,72,0.0,0.0,True
YOU JUST HAVE TO GRAB AN OPPORTUNITY WHEN IT PRESENTS ITSELF,YOU JUST HAVE TO GRAB AN OPPORTUNITY WHEN IT PRESENTS ITSELF,True,0,0,0,11,0,0,0,60,0.0,0.0,True
BUT SLIGHTLY REBELLIOUS SOCKS,BUT SLIGHTLY REBELLIOUS SAX,True,1,0,0,3,2,0,2,25,0.25,0.13793103448275862,False
DON'T FORGET THAT SCARECROW,DON'T FORGET THAT SCARCROW,False,1,0,0,3,0,0,1,26,0.25,0.037037037037037035,False
MAYBE TO SOMEWHERE NICE AND SAFE,MAYBE TO SOMEWHERE NICE AND SAFE,True,0,0,0,6,0,0,0,32,0.0,0.0,True
I'M NOT SURE WHAT'S THE MOST DIFFICULT THING TO GET RIGHT,I'M NOT SURE WHAT'S THE MOST DIFFICULT THING TO GET RIGHT,True,0,0,0,11,0,0,0,57,0.0,0.0,True
GARDENS NEVER FINISH,GARDENS NEVER FINISH,False,0,0,0,3,0,0,0,20,0.0,0.0,True
YOU SHOULD NEVER BE PUT OFF,YOU SHOULD NEVER BE PUT OFF,True,0,0,0,6,0,0,0,27,0.0,0.0,True
PEOPLE GETTING IN TOUCH AND WANTING TO RECTIFY WRONGS,PEOPLE GETTING IN TOUCH AND WANTING TO WRECK A FIRE ONGS,True,2,2,0,7,6,3,0,47,0.4444444444444444,0.16981132075471697,False
THERE ARE TIMES I LIKE TO LISTEN TO BANANARAMA,THERE ARE TIMES I LIKE TO LISTEN TO BANANARAMA,True,0,0,0,9,0,0,0,46,0.0,0.0,True
AND YET THAT AND FISH AND CHIPS,AND YET THAT AND FISH AND CHIPS,False,0,0,0,7,0,0,0,31,0.0,0.0,True
LET'S JUST CALM DOWN,LET'S JUST CALM DOWN,False,0,0,0,4,0,0,0,20,0.0,0.0,True
THE DAY JUST GOT WEIRDER AND WEIRDER,THE DAY JUST GOT WEIRD AND WEIRDER,True,1,0,0,6,0,0,2,34,0.14285714285714285,0.05555555555555555,False
BACK TO THE HISTORY BOOKS,BACK TO THE HISTORY BOOKS,True,0,0,0,5,0,0,0,25,0.0,0.0,True
IT'S PRACTICALLY A VEGETARIAN,IT'S PRACTICALLY A VEGETARIAN,False,0,0,0,4,0,0,0,29,0.0,0.0,True
HOW DOES THE PLANT ATTRACT THE BAT,HOW DOES THE PLANT ATTRACT THE BAT,True,0,0,0,7,0,0,0,34,0.0,0.0,True
THE BAT BENEFITS,THE BAT BENEFITS,True,0,0,0,3,0,0,0,16,0.0,0.0,True
IT'S ALSO COME UP WITH A STRUCTURE THAT ACTS AS AN ADVERTISEMENT WHICH SAYS,IT'S ALSO COME UP WITH A STRUCTURE THAT ACTS AS AN ADVERTISMENT WHICH SAYS,True,1,0,0,13,0,0,1,74,0.07142857142857142,0.013333333333333334,False
THIS IS THE BEST BAT HOTEL IN TOWN,THIS IS THE BEST BAT HOTEL IN TOWN,True,0,0,0,8,0,0,0,34,0.0,0.0,True
THAT'S WHY I GET UP IN THE MORNING,THAT'S WHY I GET UP IN THE MORNING,True,0,0,0,8,0,0,0,34,0.0,0.0,True
ALL IN THE GLARE OF THE SPOTLIGHT,ALL IN THE GLARE OF THE SPOTLIGHT,True,0,0,0,7,0,0,0,33,0.0,0.0,True
SO WHAT DID YOU DO BEFORE,SO WHAT DID YOU DO BEFORE,True,0,0,0,6,0,0,0,25,0.0,0.0,True
BUT YOU HAVE TO GO,BUT YOU HAVE TO GO,True,0,0,0,5,0,0,0,18,0.0,0.0,True
AND SHE WAS BEING INTERVIEWED BY THE AMERICAN JOURNALISTS,AND SHE WAS BEING INTERVIEWED BY THE AMERICAN JOURNALISTS,True,0,0,0,9,0,0,0,57,0.0,0.0,True
IN ALL SERIOUSNESS,IN ALL SERIOUSNESS,True,0,0,0,3,0,0,0,18,0.0,0.0,True
WE DID A DIFFERENT VERSION OF THINGS AND THEN,WE DID A DIFFERENT VERSION OF THINGS AND THEN,True,0,0,0,9,0,0,0,45,0.0,0.0,True
AND THEN TURNED TO ME AND SAID,AND THEN TURNED TO ME AND SAID,True,0,0,0,7,0,0,0,30,0.0,0.0,True
I HADN'T THOUGHT THAT,I HADN'T THOUGHT THAT,True,0,0,0,4,0,0,0,21,0.0,0.0,True
PLAYED BY JIM BROADBENT,PLAYED BY JIM BROADBENT,True,0,0,0,4,0,0,0,23,0.0,0.0,True
EVERY TWO WEEKS,EVERY TWO WEEKS,True,0,0,0,3,0,0,0,15,0.0,0.0,True
THAT'S WHAT THEY DO,THAT'S WHAT THEY DO,True,0,0,0,4,0,0,0,19,0.0,0.0,True
BEFORE WE BEGIN,BEFORE WE BEGIN,True,0,0,0,3,0,0,0,15,0.0,0.0,True
AND ON THIS FATEFUL EVENING,AND ON THIS FATEFUL EVENING,False,0,0,0,5,0,0,0,27,0.0,0.0,True
I DON'T BELIEVE IN FAIRIES,I DON'T BELIEVE IN FAIRIES,True,0,0,0,5,0,0,0,26,0.0,0.0,True
THEN WE MUST RESCUE HER,THEN WE MUST RESCUE HER,True,0,0,0,5,0,0,0,23,0.0,0.0,True
AND WITH STEALTH,AND WITH STELLA,False,1,0,0,2,2,0,1,13,0.3333333333333333,0.1875,False
HE MADE A MOVE ON ME,HE MADE A MOVE ON ME,True,0,0,0,6,0,0,0,20,0.0,0.0,True
WE'VE NOT DISCUSSED IT,WE'VE NOT DISCUSSED IT,True,0,0,0,4,0,0,0,22,0.0,0.0,True
AND WE RUN LOVE,AND WE RUN LOVE,True,0,0,0,4,0,0,0,15,0.0,0.0,True
HOW DO I CHOOSE THIS,HOW DO I CHOOSE THIS,True,0,0,0,5,0,0,0,20,0.0,0.0,True
WE'VE GOT 24 CHARACTERS,WE'VE GOT 24 CHARACTERS,False,0,0,0,4,0,0,0,23,0.0,0.0,True
FOLLOWING THOSE WORDS,FOLLOWING THOSE WORDS,False,0,0,0,3,0,0,0,21,0.0,0.0,True
I THINK YOU DESERVE,I THINK YOU DESERVE,True,0,0,0,4,0,0,0,19,0.0,0.0,True
A STRIKING CONTRAST,A STRIKING CONTRAST,False,0,0,0,3,0,0,0,19,0.0,0.0,True
VERY SIMILAR TO FISHING,VERY SIMILAR TO FISHING,True,0,0,0,4,0,0,0,23,0.0,0.0,True
IT'S LIKE LOOKING AT ART,IT'S LIKE LOOKING AT ART,False,0,0,0,5,0,0,0,24,0.0,0.0,True
IT MIGHT BE CONCEPTUAL,IT MIGHT BE CONCEPTUAL,True,0,0,0,4,0,0,0,22,0.0,0.0,True
HERE'S SOME IDEAS,HERE'S SOME IDEAS,True,0,0,0,3,0,0,0,17,0.0,0.0,True
A PLACE WHICH IS HARD TO LIVE,A PLACE WHICH IS HARD TO LIVE,True,0,0,0,7,0,0,0,29,0.0,0.0,True
AND THE FARMERS OPENING IT UP,AND THE FARMERS OPENING IT UP,False,0,0,0,6,0,0,0,29,0.0,0.0,True
SO WHEN THE FARMERS COME,SO WHEN THE FARMERS COME,True,0,0,0,5,0,0,0,24,0.0,0.0,True
THERE'S MORE WOODLAND,THERE'S MORE WOODLAND,True,0,0,0,3,0,0,0,21,0.0,0.0,True
DON'T TELL ANYONE,DON'T TELL ANYONE,False,0,0,0,3,0,0,0,17,0.0,0.0,True
WE HAVE NO MORE MONEY,WE HAVE NO MORE MONEY,True,0,0,0,5,0,0,0,21,0.0,0.0,True
WE ARE THE CRIMINALS,WE ARE THE CRIMINALS,True,0,0,0,4,0,0,0,20,0.0,0.0,True
NO MORE SUICIDE BOMBERS,NO MORE SUICIDE BOMBERS,True,0,0,0,4,0,0,0,23,0.0,0.0,True
THAT'S ACCORDING TO THE POLICE WATCHDOG,THAT'S ACCORDING TO THE POLICE WATCHDOG,True,0,0,0,6,0,0,0,39,0.0,0.0,True
THE QUEEN MARY AND THE QUEEN ELIZABETH,THE QWEEN MARY AND THE QUEEN ELIZABETH,True,1,0,0,6,1,0,0,37,0.14285714285714285,0.02631578947368421,False
ITS DESIGN VALUES,ITS DESIGN VALUES,False,0,0,0,3,0,0,0,17,0.0,0.0,True
THEY WERE IN THE MINORITY,THEY WERE IN THE MINORITY,True,0,0,0,5,0,0,0,25,0.0,0.0,True
500 TONS OF OCEAN LINER,500 TONS OF OCEAN LINER,True,0,0,0,5,0,0,0,23,0.0,0.0,True
ONE OF THE ARTICLES HERE IS ABOUT THE QUEEN ELIZABETH,ONE OF THE ARTICLES HERE IS ABOUT THE QUEEN ELIZABETH,True,0,0,0,10,0,0,0,53,0.0,0.0,True
THE JOB WAS DONE,THE JOB WAS DONE,True,0,0,0,4,0,0,0,16,0.0,0.0,True
FLOWERS AND EVEN VEGETABLES,FLOWERS AND EVEN VEGETABLES,False,0,0,0,4,0,0,0,27,0.0,0.0,True
FOR SOMETHING COMPLETELY DIFFERENT,FOR SOMETHING COMPLETELY DIFFERENT,True,0,0,0,4,0,0,0,34,0.0,0.0,True
WHEN IT COMES TO PUBLICITY,WHEN IT COMES TO PUBLICITY,True,0,0,0,5,0,0,0,26,0.0,0.0,True
HOW GREAT IS THIS,HOW GREAT IS THIS,False,0,0,0,4,0,0,0,17,0.0,0.0,True
I JUST LOVE THAT,I JUST LOVE THAT,True,0,0,0,4,0,0,0,16,0.0,0.0,True
THEY WERE FRIENDS,THEY WERE FRIENDS,False,0,0,0,3,0,0,0,17,0.0,0.0,True
TO BE A SUCCESSFUL ENTREPRENEUR,TO BE A SUCCESSFUL ENTREPRENEUR,True,0,0,0,5,0,0,0,31,0.0,0.0,True
I JUST DON'T GET IT,I JUST DON'T GET IT,True,0,0,0,5,0,0,0,19,0.0,0.0,True
AND I THINK THIS IS ONE,AND I THINK THIS IS ONE,True,0,0,0,6,0,0,0,23,0.0,0.0,True
IT'LL MEAN MORE MATCHES,IT'LL MEAN MORE MATCHES,True,0,0,0,4,0,0,0,23,0.0,0.0,True
AND MORE MONEY FOR FIFA,AND MORE MONEY FOR NHS,True,1,0,0,4,3,0,1,19,0.2,0.17391304347826086,False
PLEASED WITH HIMSELF,PLEASED WITH HIMSELF,False,0,0,0,3,0,0,0,20,0.0,0.0,True
SERBIA IS PANDEMONIUM LET LOOSE,SERBIA IS PANDEMONIUM LET LOOSE,False,0,0,0,5,0,0,0,31,0.0,0.0,True
THERE ARE NO RECORDINGS OF LLOYD GEORGE AT THE PEAK OF HIS POWERS,THERE ARE NO RECORDINGS OF LOYD GEORGE AT THE PEAK OF HIS POWERS,True,1,0,0,12,0,0,1,64,0.07692307692307693,0.015384615384615385,False
WHICH WAS THE MASS NEWSPAPER,WHICH WAS THE MASS NEWSPAPER,True,0,0,0,5,0,0,0,28,0.0,0.0,True
AND HE WAS VERY DEVOTED TO HIS CHILDREN,AND HE WAS VERY DEVOTED TO HIS CHILDREN,True,0,0,0,8,0,0,0,39,0.0,0.0,True
AND WOULD EVENTUALLY MARRY HER AFTER HIS WIFE,AND WOULD EVENTUALLY MARRY HER AFTER HIS WIFE,True,0,0,0,8,0,0,0,45,0.0,0.0,True
WITH THAT FLOURISH,WITH THAT FLURRY,False,1,0,0,2,2,0,2,14,0.3333333333333333,0.2222222222222222,False
WHAT YOU NEED TO DO IS GET THE VERY BEST BRAINS,WHAT YOU NEED TO DO IS GET THE VERY BEST BRAINS,True,0,0,0,11,0,0,0,47,0.0,0.0,True
THE VERY BEST TALENTS,THE VERY BEST TALENTS,True,0,0,0,4,0,0,0,21,0.0,0.0,True
THE MOST ENERGETIC PEOPLE IN,THE MOST ENERGETIC PEOPLE IN,True,0,0,0,5,0,0,0,28,0.0,0.0,True
BECAUSE THE EMPIRE,BECAUSE THE EMPIRE,False,0,0,0,3,0,0,0,18,0.0,0.0,True
IT'S OFTEN FORGOTTEN,IT'S OFTEN FORGOTTEN,False,0,0,0,3,0,0,0,20,0.0,0.0,True
WHICH IS ABSOLUTELY UNDERSTANDABLE,WHICH IS ABSOLUTELY UNDERSTANDABLE,True,0,0,0,4,0,0,0,34,0.0,0.0,True
HE HOPED TO RETURN TO POWER,HE HOPED TO RETURN TO POWER,True,0,0,0,6,0,0,0,27,0.0,0.0,True
WOULD NOT BE A HAPPY PLACE,WOULD NOT BE A HAPPY PLACE,True,0,0,0,6,0,0,0,26,0.0,0.0,True
DEPENDED ON TRADE,DEPENDED ON TRADE,False,0,0,0,3,0,0,0,17,0.0,0.0,True
MY GREAT GREAT GRANDFATHER,MY GREAT GREAT GRANDFATHER,False,0,0,0,4,0,0,0,26,0.0,0.0,True
MUCH MORE DRIVEN,MUCH MORE DRIVEN,True,0,0,0,3,0,0,0,16,0.0,0.0,True
IF IT GIVES ME SOME SORT OF CONTROL BACK,IF IT GIVES ME SOME SORT OF CONTROL BACK,True,0,0,0,9,0,0,0,40,0.0,0.0,True
WITH STRONG WINDS,WITH STRONG WINDS,False,0,0,0,3,0,0,0,17,0.0,0.0,True
I DON'T REMEMBER THAT HAPPENING BEFORE,I DON'T REMEMBER THAT HAPPENING BEFORE,True,0,0,0,6,0,0,0,38,0.0,0.0,True
BY SOME MIRACLE,BUY SOME MIRACLE,True,1,0,0,2,0,1,0,15,0.3333333333333333,0.06666666666666667,False
COMES FROM ONE OF THE MOST BEAUTIFUL PARTS OF THE WORLD,COMES FROM ONE OF THE MOST BEAUTIFUL PARTS OF THE WORLD,True,0,0,0,11,0,0,0,55,0.0,0.0,True
IT'S NOT A MASSIVE SUM OF MONEY,IT'S NOT A MASSIVE SUM OF MONEY,True,0,0,0,7,0,0,0,31,0.0,0.0,True
I WOULDN'T SAY I'M A STAR,I WOULDN'T SAY I'M A STAR,True,0,0,0,6,0,0,0,25,0.0,0.0,True
MANCHESTER UNITED FANS,MANCHESTER UNITED FANS,False,0,0,0,3,0,0,0,22,0.0,0.0,True
SET UP BY THE GOVERNMENT,SET UP BY THE GOVERNMENT,True,0,0,0,5,0,0,0,24,0.0,0.0,True
IT WAS A BRUTAL EXPERIENCE,IT WAS A BRUTAL EXPERIENCE,False,0,0,0,5,0,0,0,26,0.0,0.0,True
MANY PEOPLE DID SLIP AND FALL AND BREAK A LEG,MANY PEOPLE DID SLIP AND FALL AND BREAK A LEG,True,0,0,0,10,0,0,0,45,0.0,0.0,True
THEY KEPT LIVING,THEY KEPT LIVING,False,0,0,0,3,0,0,0,16,0.0,0.0,True
AND IN THE MORNING,AND IN THE MORNING,True,0,0,0,4,0,0,0,18,0.0,0.0,True
IN EXACT DETAIL,IN EXACT DETAIL,True,0,0,0,3,0,0,0,15,0.0,0.0,True
AND THE SECOND GENERATION,AND THE SECOND GENERATION,False,0,0,0,4,0,0,0,25,0.0,0.0,True
BEEN INTENSELY SAD,BEEN INTENSELY SAD,True,0,0,0,3,0,0,0,18,0.0,0.0,True
AND ALL THE SURVIVORS OF THE HOLOCAUST,AND ALL THE SURVIVORS OF THE HOLOCAUST,False,0,0,0,7,0,0,0,38,0.0,0.0,True
WITH THEIR DATABASE,WITH THEIR DATA BASE,True,1,1,0,2,0,1,0,19,0.6666666666666666,0.05263157894736842,False
GET A NEW LOYAL CUSTOMER AND DEBENHAMS,GET A NEW LOYAL CUSTOMER AND DEBINOMES,True,1,0,0,6,4,0,0,34,0.14285714285714285,0.10526315789473684,False
AS LONG AS THEY SEE THE SPARK OF SUCCESS,AS LONG AS THEY SEE THE SPARK OF SUCCESS,True,0,0,0,9,0,0,0,40,0.0,0.0,True
THERE WAS A STONE CIRCLE HERE,THERE WAS A STONE CIRCLE HERE,True,0,0,0,6,0,0,0,29,0.0,0.0,True
THAT IS A SOLD SOUND,THAT IS A SOLD SOUND,False,0,0,0,5,0,0,0,20,0.0,0.0,True
THERE'S PLENTY TO INDULGE IN,THERE'S PLENTY TO INDULGE IN,True,0,0,0,5,0,0,0,28,0.0,0.0,True
SHE WAS STRUGGLING,SHE WAS STRUGGLING,False,0,0,0,3,0,0,0,18,0.0,0.0,True
WHEN HE WENT TO LOOK FOR HER,WHEN HE WENT TO LOOK FOR HER,True,0,0,0,7,0,0,0,28,0.0,0.0,True
25 YEARS TO COMPLETE,25 YEARS TO COMPLETE,True,0,0,0,4,0,0,0,20,0.0,0.0,True
SHE WILL BE VERY PLEASED,SHE WILL BE VERY PLEASED,True,0,0,0,5,0,0,0,24,0.0,0.0,True
BECAUSE THERE WAS NO ROLE MODEL,BECAUSE THERE WAS NO ROLE MODEL,True,0,0,0,6,0,0,0,31,0.0,0.0,True
ONE MALE OFFICIAL COMMENTED,ONE MALE OFFICIAL COMMENTED,True,0,0,0,4,0,0,0,27,0.0,0.0,True
BUT DESPITE ALL THIS,BUT DESPITE ALL THIS,True,0,0,0,4,0,0,0,20,0.0,0.0,True
THEY CARRIED ON COMPETING,THEY CARRIED ON COMPETING,False,0,0,0,4,0,0,0,25,0.0,0.0,True
BUT DESPITE ALL THIS,BUT DESPITE ALL THIS,True,0,0,0,4,0,0,0,20,0.0,0.0,True
IF YOU WANT TO EXPERIENCE SOME OF THAT,IF YOU WANT TO EXPERIENCE SOME OF THAT,True,0,0,0,8,0,0,0,38,0.0,0.0,True
INCLUDING A BABY,INCLUDING A BABY,False,0,0,0,3,0,0,0,16,0.0,0.0,True
THIS IS A SEMIFINAL,THIS IS A SEMIFINAL,False,0,0,0,4,0,0,0,19,0.0,0.0,True
I'M SORRY THAT DOESN'T MEET WITH YOUR APPROVAL,I'M SORRY THAT DOESN'T MEET WITH YOUR APPROVAL,True,0,0,0,8,0,0,0,46,0.0,0.0,True
I'M NOT HAVING A GO AT YOU,I'M NOT HAVING A GO AT YOU,True,0,0,0,7,0,0,0,26,0.0,0.0,True
I'M JUST SAYING THAT DENISE BROUGHT ME UP,I'M JUST SAYING THAT DENISE BROUGHT ME UP,False,0,0,0,8,0,0,0,41,0.0,0.0,True
WE HAD NO MONEY,WE HAD NO MONEY,True,0,0,0,4,0,0,0,15,0.0,0.0,True
WHEN YOU CAME BACK,WHEN YOU CAME BACK,True,0,0,0,4,0,0,0,18,0.0,0.0,True
THAT'S WHY I'M LOSING MY VOICE,THAT'S WHY I'M LOSING MY VOICE,True,0,0,0,6,0,0,0,30,0.0,0.0,True
IS IN THE DRYING,IS IN THE DRYING,True,0,0,0,4,0,0,0,16,0.0,0.0,True
RIGHT IN FRONT OF ME,RIGHT IN FRONT OF ME,True,0,0,0,5,0,0,0,20,0.0,0.0,True
WE TALKED ABOUT IT,WE TALKED ABOUT IT,True,0,0,0,4,0,0,0,18,0.0,0.0,True
I HONESTLY DON'T KNOW WHAT TO DO,HONESTLY DON'T KNOW WHAT TO DO,True,0,0,1,6,0,0,2,30,0.14285714285714285,0.0625,False
JUDGING BY WHAT I SAW TODAY,JUDGING BY WHAT I SAW TODAY,True,0,0,0,6,0,0,0,27,0.0,0.0,True
SOME GOT WHAT THEY WANT,SOME GOT WHAT THEY WANT,True,0,0,0,5,0,0,0,23,0.0,0.0,True
GET DOWN TO YOUR LOCAL ONE,GET DOWN TO YOUR LOCAL ONE,True,0,0,0,6,0,0,0,26,0.0,0.0,True
HAVE YOU GOT IT,HAVE YOU GOT IT,True,0,0,0,4,0,0,0,15,0.0,0.0,True
YOU BETTER STAY WELL AWAY FROM ME,YOU BETTER STAY WELL AWAY FROM ME,True,0,0,0,7,0,0,0,33,0.0,0.0,True
THAT I'LL BE OK,THAT I'LL BE OK,True,0,0,0,4,0,0,0,15,0.0,0.0,True
WE NEED TO DO SOMETHING BIGGER,WE NEED TO DO SOMETHING BIGGER,True,0,0,0,6,0,0,0,30,0.0,0.0,True
TRYING TO BRING THEM DOWN OVER THE CENTURIES,TRYING TO BRING THEM DOWN OVER THE CENTURIES,True,0,0,0,8,0,0,0,44,0.0,0.0,True
BUT YOU DON'T NEED TO WORRY,BUT YOU DON'T NEED TO WORRY,True,0,0,0,6,0,0,0,27,0.0,0.0,True
THE EXPERTS DON'T KNOW WHAT CAUSED IT,THE EXPERTS DON'T KNOW WHAT CAUSED IT,True,0,0,0,7,0,0,0,37,0.0,0.0,True
THE FATHER DIED FIVE YEARS AGO,THE FATHER DIED FIVE YEARS AGO,True,0,0,0,6,0,0,0,30,0.0,0.0,True
IT'S ALL ABOUT MYTH MAKING,IT'S ALL ABOUT MYTH MAKING,False,0,0,0,5,0,0,0,26,0.0,0.0,True
COME TO MY ROOM,COME TO MY ROOM,True,0,0,0,4,0,0,0,15,0.0,0.0,True
AS THE MORNING SPREAD UPON THE MOUNTAINS,AS THE MORNING SPREAD UP ON THE MOUNTAINS,True,1,1,0,6,0,1,0,40,0.2857142857142857,0.025,False
WITH PEOPLE WITHOUT CREATING,WITH PEOPLE WITHOUT CREATING,False,0,0,0,4,0,0,0,28,0.0,0.0,True
WITH OTHER PEOPLE,WITH OTHER PEOPLE,False,0,0,0,3,0,0,0,17,0.0,0.0,True
AND THE INITIALS STAND FOR THE INTERNATIONAL MARXIST GROUP,AND THE INITIALS STAND FOR THE INTERNATIONAL MARKS ASSOCIATION,True,2,0,0,7,7,5,1,50,0.2222222222222222,0.22413793103448276,False
AS YOU MAY KNOW,AS YOU MAY KNOW,True,0,0,0,4,0,0,0,15,0.0,0.0,True
THIS CAME FROM THE BIG,THIS CAME FROM THE BIG,False,0,0,0,5,0,0,0,22,0.0,0.0,True
THAT'S REALLY SAD,THAT'S REALLY SAD,False,0,0,0,3,0,0,0,17,0.0,0.0,True
I NEED TO GET TO WORK,I NEED TO GET TO WORK,True,0,0,0,6,0,0,0,21,0.0,0.0,True
BEFORE I ANNOUNCE THE WINNER,BEFORE I ANNOUNCE THE WINNER,True,0,0,0,5,0,0,0,28,0.0,0.0,True
WE DON'T HAVE BROWN BEAR,WE DON'T HAVE BROWN BEAR,True,0,0,0,5,0,0,0,24,0.0,0.0,True
IF THE ANSWER IS NO,IF THE ANSWER IS NO,True,0,0,0,5,0,0,0,19,0.0,0.0,True
WE MAY ENJOY THE THRILL OF MORE REGULAR SIGHTINGS,WE MAY ENJOY THE THRILL OF MORE REGULAR SIGHTINGS,True,0,0,0,9,0,0,0,49,0.0,0.0,True
WHAT THEIR ASPIRATIONS ARE,WHAT THEIR ASPIRATIONS ARE,True,0,0,0,4,0,0,0,26,0.0,0.0,True
WITHOUT THE DIALOGUE,WITHOUT THE DIALOGUE,False,0,0,0,3,0,0,0,20,0.0,0.0,True
VERY HEAVILY TAXED,VERY HEAVILY TAXED,True,0,0,0,3,0,0,0,18,0.0,0.0,True
AND THE SCOTTISH CUSTOMERS TO BUY,AND THE SCOTTISH CUSTOMERS TO BUY,True,0,0,0,6,0,0,0,33,0.0,0.0,True
AND IT WAS BUILT TOTALLY BY PUBLIC SUBSCRIPTION,AND IT WAS BUILT TOTALLY BY PUBLIC SUBSCRIPTION,True,0,0,0,8,0,0,0,47,0.0,0.0,True
TODAY ALMOST 50,TODAY ALMOST 50,False,0,0,0,3,0,0,0,15,0.0,0.0,True
THE GOVERNMENT LOOKS SET TO WIN,THE GOVERNMENT LOOKS SET TO WIN,True,0,0,0,6,0,0,0,31,0.0,0.0,True
WHICH THE NORWEGIAN GOVERNMENT WAS SUPPORTING,WHICH THE NORWEGIAN GOVERNMENT WAS SUPPORTING,True,0,0,0,6,0,0,0,45,0.0,0.0,True
A RATHER SPECIAL,A RATHER SPECIAL,False,0,0,0,3,0,0,0,16,0.0,0.0,True
YOU SHOULD THINK ABOUT IT,YOU SHOULD THINK ABOUT IT,True,0,0,0,5,0,0,0,25,0.0,0.0,True
WE FOUND OUT ABOUT THE SUFFOLK PUNCH HORSES,WE FOUND OUT ABOUT THE SUFFOLK PUNCH HORSES,True,0,0,0,8,0,0,0,43,0.0,0.0,True
BUT IT'S A DIFFERENT TYPE OF ANIMAL I WANT TO SHOW YOU RIGHT NOW,BUT IT'S A DIFFERENT TYPE OF ANIMAL I WANT TO SHOW YOU RIGHT NOW,True,0,0,0,14,0,0,0,64,0.0,0.0,True
THINGS LIKE THIS BECAME VERY,THINGS LIKE THIS BECAME VERY,True,0,0,0,5,0,0,0,28,0.0,0.0,True
THE QUALITY OF THAT SLIDING ACROSS,THE QUALITY OF THAT SLIDING ACROSS,False,0,0,0,6,0,0,0,34,0.0,0.0,True
JOIN US NEXT TIME FOR MANY MORE SURPRISES,JOIN US NEXT TIME FOR MANY MORE SURPRISES,True,0,0,0,8,0,0,0,41,0.0,0.0,True
GOES OUT THE OTHER,GOES OUT THE OTHER,False,0,0,0,4,0,0,0,18,0.0,0.0,True
WE DON'T CLIP IT FOR THE MONEY,WE DON'T CLIP IT FOR THE MONEY,True,0,0,0,7,0,0,0,30,0.0,0.0,True
I DON'T REALLY MIND,I DON'T REALLY MIND,True,0,0,0,4,0,0,0,19,0.0,0.0,True
A NEW CHANCE AT LIFE,A NEW CHANCE AT LIFE,True,0,0,0,5,0,0,0,20,0.0,0.0,True
BUT I'M NOT SURE WHERE,BUT I'M NOT SURE WHERE,True,0,0,0,5,0,0,0,22,0.0,0.0,True
IT'S HIGHER THAN BEFORE,IT'S HIGHER THAN BEFORE,True,0,0,0,4,0,0,0,23,0.0,0.0,True
BUT ANOTHER STRIKING UNION,BUT ANOTHER STRIKING UNION,True,0,0,0,4,0,0,0,26,0.0,0.0,True
THERE WAS A GLIMMER OF HOPE,THERE WAS A GLIMMER OF HOPE,True,0,0,0,6,0,0,0,27,0.0,0.0,True
MORE OPEN MINDED PERHAPS,MORE OPEN MINDED PERHAPS,True,0,0,0,4,0,0,0,24,0.0,0.0,True
AND MORE OPEN TO THE PARLIAMENT,AND MORE OPEN TO THE PARLIAMENT,True,0,0,0,6,0,0,0,31,0.0,0.0,True
TO DIVIDE THE ROOM INTO TWO PARTS,TO DIVIDE THE ROOM INTO TWO PARTS,True,0,0,0,7,0,0,0,33,0.0,0.0,True
THEN THE INVITATION,THEN THE INVITATION,False,0,0,0,3,0,0,0,19,0.0,0.0,True
HE WAS HALFWAY THERE,HE WAS HALFWAY THERE,True,0,0,0,4,0,0,0,20,0.0,0.0,True
PART TWO IS THE DECLARATION OF RIGHTS,PART TWO IS THE DECLARATION OF RIGHTS,True,0,0,0,7,0,0,0,37,0.0,0.0,True
